date,total_subscribers,total_videos,total_views,subs_delta,views_delta,videos_delta,subs_day_avg_7,views_day_avg_7,videos_day_avg_7,subs_day_avg_30,views_day_avg_30,videos_day_avg_30,views_per_video,views_per_sub,subs_per_video
2025-07-03 11:07:45+00:00,719,505,804774,0.0,0.0,0.0,0.0,0.0,0.0,0.0,0.0,0.0,1593.6118811881188,1119.2962447844227,1.4237623762376237
2025-07-04 01:01:17+00:00,719,505,805314,0.0,540.0,0.0,0.0,270.0,0.0,0.0,270.0,0.0,1594.6811881188119,1120.047287899861,1.4237623762376237
2025-07-05 00:59:00+00:00,718,506,806079,-1.0,765.0,1.0,-0.3333333333333333,435.0,0.3333333333333333,-0.3333333333333333,435.0,0.3333333333333333,1593.0415019762845,1122.6727019498608,1.4189723320158103
2025-07-06 01:07:41+00:00,718,507,806195,0.0,116.0,1.0,-0.25,355.25,0.5,-0.25,355.25,0.5,1590.128205128205,1122.8342618384402,1.4161735700197238
2025-07-07 01:05:59+00:00,718,507,807204,0.0,1009.0,0.0,-0.2,486.0,0.4,-0.2,486.0,0.4,1592.1183431952663,1124.2395543175487,1.4161735700197238
2025-07-08 01:02:10+00:00,718,510,807963,0.0,759.0,3.0,-0.16666666666666666,531.5,0.8333333333333334,-0.16666666666666666,531.5,0.8333333333333334,1584.2411764705882,1125.2966573816157,1.407843137254902
2025-07-09 01:02:54+00:00,720,510,808777,2.0,814.0,0.0,0.14285714285714285,571.8571428571429,0.7142857142857143,0.14285714285714285,571.8571428571429,0.7142857142857143,1585.8372549019607,1123.3013888888888,1.411764705882353
2025-07-10 01:02:50+00:00,721,511,810327,1.0,1550.0,1.0,0.2857142857142857,793.2857142857143,0.8571428571428571,0.25,694.125,0.75,1585.7671232876712,1123.893203883495,1.4109589041095891
2025-07-11 01:03:29+00:00,721,511,811121,0.0,794.0,0.0,0.2857142857142857,829.5714285714286,0.8571428571428571,0.2222222222222222,705.2222222222222,0.6666666666666666,1587.320939334638,1124.9944521497919,1.4109589041095891
2025-07-12 01:05:14+00:00,721,511,812462,0.0,1341.0,0.0,0.42857142857142855,911.8571428571429,0.7142857142857143,0.2,768.8,0.6,1589.945205479452,1126.8543689320388,1.4109589041095891
2025-07-13 01:09:30+00:00,723,511,812521,2.0,59.0,0.0,0.7142857142857143,903.7142857142857,0.5714285714285714,0.36363636363636365,704.2727272727273,0.5454545454545454,1590.0606653620353,1123.8188105117565,1.4148727984344422
2025-07-14 01:06:41+00:00,723,511,812593,0.0,72.0,0.0,0.7142857142857143,769.8571428571429,0.5714285714285714,0.3333333333333333,651.5833333333334,0.5,1590.20156555773,1123.9183955739973,1.4148727984344422
2025-07-15 01:06:00+00:00,723,513,812640,0.0,47.0,2.0,0.7142857142857143,668.1428571428571,0.42857142857142855,0.3076923076923077,605.0769230769231,0.6153846153846154,1584.093567251462,1123.9834024896265,1.409356725146199
2025-07-16 01:04:33+00:00,723,512,813782,0.0,1142.0,-1.0,0.42857142857142855,715.0,0.2857142857142857,0.2857142857142857,643.4285714285714,0.5,1589.41796875,1125.5629322268326,1.412109375
2025-07-17 01:05:00+00:00,723,512,815166,0.0,1384.0,0.0,0.2857142857142857,691.2857142857143,0.14285714285714285,0.26666666666666666,692.8,0.4666666666666667,1592.12109375,1127.4771784232364,1.412109375
2025-07-18 01:04:23+00:00,723,513,815252,0.0,86.0,1.0,0.2857142857142857,590.1428571428571,0.2857142857142857,0.25,654.875,0.5,1589.1851851851852,1127.5961272475795,1.409356725146199
2025-07-19 01:02:51+00:00,723,513,815299,0.0,47.0,0.0,0.2857142857142857,405.2857142857143,0.2857142857142857,0.23529411764705882,619.1176470588235,0.47058823529411764,1589.2768031189084,1127.6611341632088,1.409356725146199
2025-07-20 01:11:12+00:00,723,513,815366,0.0,67.0,0.0,0.0,406.42857142857144,0.2857142857142857,0.2222222222222222,588.4444444444445,0.4444444444444444,1589.4074074074074,1127.7538035961272,1.409356725146199
2025-07-21 01:08:38+00:00,723,513,815410,0.0,44.0,0.0,0.0,402.42857142857144,0.2857142857142857,0.21052631578947367,559.7894736842105,0.42105263157894735,1589.4931773879143,1127.8146611341633,1.409356725146199
2025-07-22 01:04:51+00:00,723,513,815482,0.0,72.0,0.0,0.0,406.0,0.0,0.2,535.4,0.4,1589.6335282651073,1127.9142461964038,1.409356725146199
2025-07-23 01:06:05+00:00,723,514,815520,0.0,38.0,1.0,0.0,248.28571428571428,0.2857142857142857,0.19047619047619047,511.7142857142857,0.42857142857142855,1586.614785992218,1127.966804979253,1.406614785992218
2025-07-24 01:05:11+00:00,723,514,815757,0.0,237.0,0.0,0.0,84.42857142857143,0.2857142857142857,0.18181818181818182,499.22727272727275,0.4090909090909091,1587.0758754863814,1128.2946058091286,1.406614785992218
2025-07-25 01:04:53+00:00,723,514,815826,0.0,69.0,0.0,0.0,82.0,0.14285714285714285,0.17391304347826086,480.5217391304348,0.391304347826087,1587.2101167315175,1128.390041493776,1.406614785992218
2025-07-26 01:03:12+00:00,723,514,815876,0.0,50.0,0.0,0.0,82.42857142857143,0.14285714285714285,0.16666666666666666,462.5833333333333,0.375,1587.307392996109,1128.4591977869986,1.406614785992218
2025-07-27 01:11:14+00:00,723,514,815918,0.0,42.0,0.0,0.0,78.85714285714286,0.14285714285714285,0.16,445.76,0.36,1587.3891050583657,1128.5172890733056,1.406614785992218
2025-07-28 01:09:44+00:00,723,514,815982,0.0,64.0,0.0,0.0,81.71428571428571,0.14285714285714285,0.15384615384615385,431.0769230769231,0.34615384615384615,1587.5136186770428,1128.6058091286307,1.406614785992218
2025-07-29 01:12:31+00:00,723,516,816023,0.0,41.0,2.0,0.0,77.28571428571429,0.42857142857142855,0.14814814814814814,416.6296296296296,0.4074074074074074,1581.4399224806202,1128.6625172890733,1.4011627906976745
2025-07-30 01:06:07+00:00,723,516,816216,0.0,193.0,0.0,0.0,99.42857142857143,0.2857142857142857,0.14285714285714285,408.64285714285717,0.39285714285714285,1581.8139534883721,1128.929460580913,1.4011627906976745
2025-07-31 01:06:11+00:00,723,516,817298,0.0,1082.0,0.0,0.0,220.14285714285714,0.2857142857142857,0.13793103448275862,431.86206896551727,0.3793103448275862,1583.9108527131782,1130.4260027662517,1.4011627906976745
2025-08-01 01:13:38+00:00,724,518,817437,1.0,139.0,2.0,0.14285714285714285,230.14285714285714,0.5714285714285714,0.16666666666666666,422.1,0.43333333333333335,1578.0637065637065,1129.0566298342542,1.3976833976833978
2025-08-02 01:03:11+00:00,724,518,819901,0.0,2464.0,0.0,0.14285714285714285,575.0,0.5714285714285714,0.16666666666666666,504.23333333333335,0.43333333333333335,1582.8204633204634,1132.4599447513813,1.3976833976833978
2025-08-03 01:12:52+00:00,724,518,819982,0.0,81.0,0.0,0.14285714285714285,580.5714285714286,0.5714285714285714,0.16666666666666666,488.93333333333334,0.43333333333333335,1582.976833976834,1132.5718232044198,1.3976833976833978
2025-08-04 01:11:30+00:00,724,518,820041,0.0,59.0,0.0,0.14285714285714285,579.8571428571429,0.5714285714285714,0.2,465.4,0.4,1583.0907335907336,1132.653314917127,1.3976833976833978
2025-08-05 01:07:47+00:00,725,519,820106,1.0,65.0,1.0,0.2857142857142857,583.2857142857143,0.42857142857142855,0.23333333333333334,463.7,0.4,1580.16570327553,1131.1806896551725,1.3969171483622351
2025-08-06 01:06:30+00:00,725,519,820264,0.0,158.0,0.0,0.2857142857142857,578.2857142857143,0.42857142857142855,0.23333333333333334,435.3333333333333,0.4,1580.4701348747592,1131.3986206896552,1.3969171483622351
2025-08-07 01:07:02+00:00,725,519,820832,0.0,568.0,0.0,0.2857142857142857,504.85714285714283,0.42857142857142855,0.23333333333333334,428.96666666666664,0.3,1581.5645472061658,1132.1820689655171,1.3969171483622351
2025-08-08 01:06:46+00:00,725,519,820892,0.0,60.0,0.0,0.14285714285714285,493.57142857142856,0.14285714285714285,0.16666666666666666,403.8333333333333,0.3,1581.6801541425818,1132.2648275862068,1.3969171483622351
2025-08-09 01:00:58+00:00,725,519,820941,0.0,49.0,0.0,0.14285714285714285,148.57142857142858,0.14285714285714285,0.13333333333333333,353.8,0.26666666666666666,1581.7745664739884,1132.3324137931033,1.3969171483622351
2025-08-10 01:10:19+00:00,728,520,820990,3.0,49.0,1.0,0.5714285714285714,144.0,0.2857142857142857,0.23333333333333334,328.96666666666664,0.3,1578.826923076923,1127.7335164835165,1.4
2025-08-11 01:07:38+00:00,728,520,822975,0.0,1985.0,0.0,0.5714285714285714,419.14285714285717,0.2857142857142857,0.23333333333333334,350.43333333333334,0.3,1582.6442307692307,1130.4601648351647,1.4
2025-08-12 01:01:00+00:00,729,522,826263,1.0,3288.0,2.0,0.5714285714285714,879.5714285714286,0.42857142857142855,0.2,458.06666666666666,0.36666666666666664,1582.8793103448277,1133.4197530864199,1.396551724137931
2025-08-13 01:02:10+00:00,730,523,827417,1.0,1154.0,1.0,0.7142857142857143,1021.8571428571429,0.5714285714285714,0.23333333333333334,494.1333333333333,0.4,1582.0592734225622,1133.4479452054795,1.395793499043977
2025-08-14 01:02:35+00:00,730,525,828455,0.0,1038.0,2.0,0.7142857142857143,1089.0,0.8571428571428571,0.23333333333333334,527.1666666666666,0.4,1578.009523809524,1134.8698630136987,1.3904761904761904
2025-08-15 01:02:38+00:00,732,525,829887,2.0,1432.0,0.0,1.0,1285.0,0.8571428571428571,0.3,536.8333333333334,0.43333333333333335,1580.7371428571428,1133.7254098360656,1.3942857142857144
2025-08-16 00:59:28+00:00,733,524,830917,1.0,1030.0,-1.0,1.1428571428571428,1425.142857142857,0.7142857142857143,0.3333333333333333,525.0333333333333,0.4,1585.719465648855,1133.5839017735334,1.3988549618320612
2025-08-17 01:07:01+00:00,733,524,833005,0.0,2088.0,0.0,0.7142857142857143,1716.4285714285713,0.5714285714285714,0.3333333333333333,591.7666666666667,0.36666666666666664,1589.7041984732825,1136.4324693042292,1.3988549618320612
2025-08-18 01:06:13+00:00,732,525,833075,-1.0,70.0,1.0,0.5714285714285714,1442.857142857143,0.7142857142857143,0.3,592.5333333333333,0.4,1586.8095238095239,1138.0806010928961,1.3942857142857144
2025-08-19 01:00:01+00:00,733,525,835018,1.0,1943.0,0.0,0.5714285714285714,1250.7142857142858,0.42857142857142855,0.3333333333333333,655.0666666666667,0.4,1590.510476190476,1139.1787175989086,1.3961904761904762
2025-08-20 00:58:03+00:00,734,525,836433,1.0,1415.0,0.0,0.5714285714285714,1288.0,0.2857142857142857,0.36666666666666664,700.7666666666667,0.4,1593.2057142857143,1139.5544959128065,1.398095238095238
2025-08-21 00:57:15+00:00,734,525,836806,0.0,373.0,0.0,0.5714285714285714,1193.0,0.0,0.36666666666666664,710.8,0.4,1593.9161904761904,1140.0626702997274,1.398095238095238
2025-08-22 00:58:11+00:00,735,525,837125,1.0,319.0,0.0,0.42857142857142855,1034.0,0.0,0.4,720.1666666666666,0.36666666666666664,1594.5238095238096,1138.9455782312925,1.4
2025-08-23 00:55:49+00:00,735,524,837333,0.0,208.0,-1.0,0.2857142857142857,916.5714285714286,0.0,0.4,719.2,0.3333333333333333,1597.9637404580153,1139.2285714285715,1.4026717557251909
2025-08-24 01:04:35+00:00,735,525,837400,0.0,67.0,1.0,0.2857142857142857,627.8571428571429,0.14285714285714285,0.4,719.1333333333333,0.36666666666666664,1595.047619047619,1139.3197278911564,1.4
2025-08-25 01:00:40+00:00,735,523,837793,0.0,393.0,-2.0,0.42857142857142855,674.0,-0.2857142857142857,0.4,730.5666666666667,0.3,1601.8986615678775,1139.8544217687074,1.4053537284894837
2025-08-26 00:59:02+00:00,736,523,837846,1.0,53.0,0.0,0.42857142857142855,404.0,-0.2857142857142857,0.43333333333333335,730.9333333333333,0.3,1602.0,1138.3777173913043,1.407265774378585
2025-08-27 00:57:08+00:00,736,524,837902,0.0,56.0,1.0,0.2857142857142857,209.85714285714286,-0.14285714285714285,0.43333333333333335,730.6666666666666,0.3333333333333333,1599.0496183206108,1138.453804347826,1.4045801526717556
2025-08-28 00:56:19+00:00,736,523,837791,0.0,-111.0,-1.0,0.2857142857142857,140.71428571428572,-0.2857142857142857,0.43333333333333335,725.6,0.23333333333333334,1601.8948374760994,1138.3029891304348,1.407265774378585
2025-08-29 00:56:42+00:00,736,524,837859,0.0,68.0,1.0,0.14285714285714285,104.85714285714286,-0.14285714285714285,0.43333333333333335,721.4333333333333,0.26666666666666666,1598.9675572519084,1138.3953804347825,1.4045801526717556
2025-08-30 00:53:57+00:00,736,524,837916,0.0,57.0,0.0,0.14285714285714285,83.28571428571429,0.0,0.43333333333333335,687.2666666666667,0.26666666666666666,1599.0763358778627,1138.4728260869565,1.4045801526717556
2025-08-31 01:00:37+00:00,736,524,837988,0.0,72.0,0.0,0.14285714285714285,84.0,-0.14285714285714285,0.4,685.0333333333333,0.2,1599.2137404580153,1138.570652173913,1.4045801526717556
2025-09-01 01:06:59+00:00,737,524,838045,1.0,57.0,0.0,0.2857142857142857,36.0,0.14285714285714285,0.43333333333333335,604.8,0.2,1599.3225190839694,1137.103120759837,1.4064885496183206
2025-09-02 00:57:33+00:00,737,525,838106,0.0,61.0,1.0,0.14285714285714285,37.142857142857146,0.2857142857142857,0.43333333333333335,604.1333333333333,0.23333333333333334,1596.392380952381,1137.1858887381275,1.4038095238095238
2025-09-03 00:53:53+00:00,737,524,838213,0.0,107.0,-1.0,0.14285714285714285,44.42857142857143,0.0,0.43333333333333335,605.7333333333333,0.2,1599.6431297709923,1137.3310719131614,1.4064885496183206
2025-09-04 00:54:12+00:00,737,524,838214,0.0,1.0,0.0,0.14285714285714285,60.42857142857143,0.14285714285714285,0.4,603.6,0.16666666666666666,1599.645038167939,1137.3324287652647,1.4064885496183206
2025-09-05 00:55:18+00:00,737,524,838250,0.0,36.0,0.0,0.14285714285714285,55.857142857142854,0.0,0.4,599.5333333333333,0.16666666666666666,1599.7137404580153,1137.3812754409769,1.4064885496183206
2025-09-06 00:53:57+00:00,737,524,838298,0.0,48.0,0.0,0.14285714285714285,54.57142857142857,0.0,0.4,582.2,0.16666666666666666,1599.8053435114505,1137.4464043419268,1.4064885496183206
2025-09-07 01:00:01+00:00,736,524,838326,-1.0,28.0,0.0,0.0,48.285714285714285,0.0,0.36666666666666664,581.1333333333333,0.16666666666666666,1599.8587786259543,1139.0298913043478,1.4045801526717556
2025-09-08 00:58:46+00:00,736,524,838400,0.0,74.0,0.0,-0.14285714285714285,50.714285714285715,0.0,0.36666666666666664,581.9666666666667,0.16666666666666666,1600.0,1139.1304347826087,1.4045801526717556
2025-09-09 00:56:21+00:00,735,524,838505,-1.0,105.0,0.0,-0.2857142857142857,57.0,-0.14285714285714285,0.23333333333333334,583.8333333333334,0.13333333333333333,1600.2003816793892,1140.8231292517007,1.4026717557251909
2025-09-10 00:55:00+00:00,735,524,838531,0.0,26.0,0.0,-0.2857142857142857,45.42857142857143,0.0,0.23333333333333334,518.5333333333333,0.13333333333333333,1600.25,1140.8585034013606,1.4026717557251909
2025-09-11 00:56:08+00:00,735,524,838587,0.0,56.0,0.0,-0.2857142857142857,53.285714285714285,0.0,0.2,410.8,0.06666666666666667,1600.3568702290077,1140.9346938775511,1.4026717557251909
2025-09-12 00:54:19+00:00,735,524,838633,0.0,46.0,0.0,-0.2857142857142857,54.714285714285715,0.0,0.16666666666666666,373.8666666666667,0.03333333333333333,1600.4446564885495,1140.9972789115645,1.4026717557251909
2025-09-13 00:51:42+00:00,734,524,838685,-1.0,52.0,0.0,-0.42857142857142855,55.285714285714285,0.0,0.13333333333333333,341.0,-0.03333333333333333,1600.543893129771,1142.6226158038148,1.400763358778626
2025-09-14 00:59:22+00:00,735,524,838748,1.0,63.0,0.0,-0.14285714285714285,60.285714285714285,0.0,0.1,295.3666666666667,-0.03333333333333333,1600.6641221374045,1141.1537414965987,1.4026717557251909
2025-09-15 00:59:26+00:00,735,524,838845,0.0,97.0,0.0,-0.14285714285714285,63.57142857142857,0.0,0.06666666666666667,264.26666666666665,0.0,1600.8492366412213,1141.2857142857142,1.4026717557251909
2025-09-16 00:55:06+00:00,735,524,838874,0.0,29.0,0.0,0.0,52.714285714285715,0.0,0.06666666666666667,195.63333333333333,0.0,1600.9045801526718,1141.3251700680273,1.4026717557251909
2025-09-17 00:54:37+00:00,736,524,838922,1.0,48.0,0.0,0.14285714285714285,55.857142857142854,0.0,0.13333333333333333,194.9,-0.03333333333333333,1600.996183206107,1139.8396739130435,1.4045801526717556
2025-09-18 00:54:14+00:00,736,523,840198,0.0,1276.0,-1.0,0.14285714285714285,230.14285714285714,-0.14285714285714285,0.1,172.66666666666666,-0.06666666666666667,1606.4971319311665,1141.5733695652175,1.407265774378585
2025-09-19 00:56:08+00:00,736,524,840265,0.0,67.0,1.0,0.14285714285714285,233.14285714285714,0.0,0.06666666666666667,127.73333333333333,-0.03333333333333333,1603.5591603053435,1141.664402173913,1.4045801526717556
2025-09-20 00:53:28+00:00,737,526,840450,1.0,185.0,2.0,0.42857142857142855,252.14285714285714,0.2857142857142857,0.1,121.46666666666667,0.03333333333333333,1597.8136882129277,1140.3663500678426,1.4011406844106464
2025-09-21 01:00:28+00:00,737,527,840441,0.0,-9.0,1.0,0.2857142857142857,241.85714285714286,0.42857142857142855,0.06666666666666667,110.53333333333333,0.06666666666666667,1594.764705882353,1140.3541383989145,1.398481973434535
2025-09-22 01:00:16+00:00,736,526,840507,-1.0,66.0,-1.0,0.14285714285714285,237.42857142857142,0.2857142857142857,0.03333333333333333,105.8,0.06666666666666667,1597.9220532319391,1141.9932065217392,1.3992395437262357
2025-09-23 00:54:57+00:00,736,526,840553,0.0,46.0,0.0,0.14285714285714285,239.85714285714286,0.2857142857142857,0.03333333333333333,105.1,0.03333333333333333,1598.009505703422,1142.0557065217392,1.3992395437262357
2025-09-24 00:55:43+00:00,735,526,840606,-1.0,53.0,0.0,-0.14285714285714285,240.57142857142858,0.2857142857142857,0.0,93.76666666666667,0.1,1598.1102661596958,1143.6816326530611,1.397338403041825
2025-09-25 00:55:54+00:00,735,527,840672,0.0,66.0,1.0,-0.14285714285714285,67.71428571428571,0.5714285714285714,-0.03333333333333333,94.2,0.13333333333333333,1595.203036053131,1143.7714285714285,1.394686907020873
2025-09-26 00:55:12+00:00,735,527,840706,0.0,34.0,0.0,-0.14285714285714285,63.0,0.42857142857142855,-0.03333333333333333,93.46666666666667,0.1,1595.2675521821632,1143.81768707483,1.394686907020873
2025-09-27 00:53:35+00:00,735,527,840758,0.0,52.0,0.0,-0.2857142857142857,44.0,0.14285714285714285,-0.03333333333333333,98.9,0.13333333333333333,1595.3662239089183,1143.8884353741496,1.394686907020873
2025-09-28 01:01:33+00:00,734,527,840798,-1.0,40.0,0.0,-0.42857142857142855,51.0,0.0,-0.06666666666666667,97.96666666666667,0.1,1595.4421252371917,1145.5013623978202,1.3927893738140418
2025-09-29 00:57:27+00:00,734,527,840852,0.0,54.0,0.0,-0.2857142857142857,49.285714285714285,0.14285714285714285,-0.06666666666666667,97.86666666666666,0.1,1595.5445920303605,1145.574931880109,1.3927893738140418
2025-09-30 00:56:20+00:00,734,528,840894,0.0,42.0,1.0,-0.2857142857142857,48.714285714285715,0.2857142857142857,-0.06666666666666667,96.86666666666666,0.13333333333333333,1592.6022727272727,1145.6321525885558,1.3901515151515151
2025-10-01 01:02:28+00:00,734,528,840942,0.0,48.0,0.0,-0.14285714285714285,48.0,0.2857142857142857,-0.1,96.56666666666666,0.13333333333333333,1592.6931818181818,1145.6975476839236,1.3901515151515151
2025-10-02 00:54:44+00:00,734,528,840977,0.0,35.0,0.0,-0.14285714285714285,43.57142857142857,0.14285714285714285,-0.1,95.7,0.1,1592.7594696969697,1145.7452316076294,1.3901515151515151
2025-10-03 00:54:32+00:00,734,528,841050,0.0,73.0,0.0,-0.14285714285714285,49.142857142857146,0.14285714285714285,-0.1,94.56666666666666,0.13333333333333333,1592.8977272727273,1145.8446866485015,1.3901515151515151
2025-10-04 00:52:27+00:00,734,528,841126,0.0,76.0,0.0,-0.14285714285714285,52.57142857142857,0.14285714285714285,-0.1,97.06666666666666,0.13333333333333333,1593.0416666666667,1145.9482288828337,1.3901515151515151
2025-10-05 01:00:34+00:00,733,528,841199,-1.0,73.0,0.0,-0.14285714285714285,57.285714285714285,0.14285714285714285,-0.13333333333333333,98.3,0.13333333333333333,1593.1799242424242,1147.6111869031379,1.3882575757575757
2025-10-06 00:56:49+00:00,733,529,841265,0.0,66.0,1.0,-0.14285714285714285,59.0,0.2857142857142857,-0.13333333333333333,98.9,0.16666666666666666,1590.2930056710775,1147.7012278308323,1.385633270321361
2025-10-07 00:55:43+00:00,733,529,841332,0.0,67.0,0.0,-0.14285714285714285,62.57142857142857,0.14285714285714285,-0.1,100.2,0.16666666666666666,1590.4196597353498,1147.792633015007,1.385633270321361
2025-10-08 00:54:55+00:00,734,529,841391,1.0,59.0,0.0,0.0,64.14285714285714,0.14285714285714285,-0.06666666666666667,99.7,0.16666666666666666,1590.531190926276,1146.309264305177,1.387523629489603
2025-10-09 00:56:03+00:00,734,529,841437,0.0,46.0,0.0,0.0,65.71428571428571,0.14285714285714285,-0.03333333333333333,97.73333333333333,0.16666666666666666,1590.6181474480152,1146.3719346049047,1.387523629489603
2025-10-10 00:55:44+00:00,734,529,841511,0.0,74.0,0.0,0.0,65.85714285714286,0.14285714285714285,-0.03333333333333333,99.33333333333333,0.16666666666666666,1590.758034026465,1146.4727520435968,1.387523629489603
2025-10-11 00:53:03+00:00,734,529,841568,0.0,57.0,0.0,0.0,63.142857142857146,0.14285714285714285,-0.03333333333333333,99.36666666666666,0.16666666666666666,1590.8657844990548,1146.550408719346,1.387523629489603
2025-10-12 00:58:31+00:00,734,529,841611,0.0,43.0,0.0,0.14285714285714285,58.857142857142854,0.14285714285714285,-0.03333333333333333,99.26666666666667,0.16666666666666666,1590.9470699432893,1146.608991825613,1.387523629489603
2025-10-13 00:59:50+00:00,735,531,841680,1.0,69.0,2.0,0.2857142857142857,59.285714285714285,0.2857142857142857,0.03333333333333333,99.83333333333333,0.23333333333333334,1585.084745762712,1145.142857142857,1.384180790960452
2025-10-14 00:55:54+00:00,735,531,841910,0.0,230.0,0.0,0.2857142857142857,82.57142857142857,0.2857142857142857,0.0,105.4,0.23333333333333334,1585.517890772128,1145.455782312925,1.384180790960452
2025-10-15 00:57:32+00:00,735,531,841977,0.0,67.0,0.0,0.14285714285714285,83.71428571428571,0.2857142857142857,0.0,104.4,0.23333333333333334,1585.6440677966102,1145.5469387755102,1.384180790960452
2025-10-16 00:57:05+00:00,734,531,842024,-1.0,47.0,0.0,0.0,83.85714285714286,0.2857142857142857,-0.03333333333333333,105.0,0.23333333333333334,1585.7325800376648,1147.1716621253406,1.3822975517890772
2025-10-17 00:56:40+00:00,734,531,842075,0.0,51.0,0.0,0.0,80.57142857142857,0.2857142857142857,-0.06666666666666667,105.1,0.23333333333333334,1585.8286252354048,1147.241144414169,1.3822975517890772
2025-10-18 00:54:00+00:00,734,531,842137,0.0,62.0,0.0,0.0,81.28571428571429,0.2857142857142857,-0.06666666666666667,64.63333333333334,0.26666666666666666,1585.9453860640301,1147.3256130790191,1.3822975517890772
2025-10-19 01:03:19+00:00,734,531,842189,0.0,52.0,0.0,0.0,82.57142857142857,0.2857142857142857,-0.06666666666666667,64.13333333333334,0.23333333333333334,1586.0433145009417,1147.3964577656675,1.3822975517890772
2025-10-20 01:01:19+00:00,734,531,842267,0.0,78.0,0.0,-0.14285714285714285,83.85714285714286,0.0,-0.1,60.56666666666667,0.16666666666666666,1586.1902071563088,1147.5027247956402,1.3822975517890772
2025-10-21 00:58:07+00:00,734,531,842315,0.0,48.0,0.0,-0.14285714285714285,57.857142857142854,0.0,-0.1,62.46666666666667,0.13333333333333333,1586.280602636535,1147.568119891008,1.3822975517890772
2025-10-22 00:59:10+00:00,734,531,842369,0.0,54.0,0.0,-0.14285714285714285,56.0,0.0,-0.06666666666666667,62.06666666666667,0.16666666666666666,1586.3822975517892,1147.641689373297,1.3822975517890772
2025-10-23 00:57:44+00:00,734,531,842412,0.0,43.0,0.0,0.0,55.42857142857143,0.0,-0.06666666666666667,61.96666666666667,0.16666666666666666,1586.4632768361582,1147.700272479564,1.3822975517890772
2025-10-24 00:54:26+00:00,734,531,842477,0.0,65.0,0.0,0.0,57.42857142857143,0.0,-0.03333333333333333,62.36666666666667,0.16666666666666666,1586.5856873822975,1147.7888283378747,1.3822975517890772
2025-10-25 00:55:57+00:00,734,531,842561,0.0,84.0,0.0,0.0,60.57142857142857,0.0,-0.03333333333333333,62.96666666666667,0.13333333333333333,1586.743879472693,1147.9032697547684,1.3822975517890772
2025-10-26 01:01:25+00:00,735,531,842600,1.0,39.0,0.0,0.14285714285714285,58.714285714285715,0.0,0.0,63.13333333333333,0.13333333333333333,1586.8173258003767,1146.3945578231292,1.384180790960452
2025-10-27 01:03:15+00:00,735,531,842668,0.0,68.0,0.0,0.14285714285714285,57.285714285714285,0.0,0.0,63.666666666666664,0.13333333333333333,1586.9453860640301,1146.487074829932,1.384180790960452
2025-10-28 00:56:45+00:00,735,531,842732,0.0,64.0,0.0,0.14285714285714285,59.57142857142857,0.0,0.03333333333333333,64.46666666666667,0.13333333333333333,1587.065913370998,1146.574149659864,1.384180790960452
2025-10-29 01:00:55+00:00,735,531,842778,0.0,46.0,0.0,0.14285714285714285,58.42857142857143,0.0,0.03333333333333333,64.2,0.13333333333333333,1587.1525423728813,1146.6367346938775,1.384180790960452
2025-10-30 01:00:14+00:00,735,531,842778,0.0,0.0,0.0,0.14285714285714285,52.285714285714285,0.0,0.03333333333333333,62.8,0.1,1587.1525423728813,1146.6367346938775,1.384180790960452
2025-10-31 00:58:37+00:00,735,531,842911,0.0,133.0,0.0,0.14285714285714285,62.0,0.0,0.03333333333333333,65.63333333333334,0.1,1587.4030131826742,1146.81768707483,1.384180790960452
2025-11-01 01:01:33+00:00,735,531,842968,0.0,57.0,0.0,0.14285714285714285,58.142857142857146,0.0,0.03333333333333333,66.36666666666666,0.1,1587.5103578154426,1146.895238095238,1.384180790960452
2025-11-02 01:02:42+00:00,735,531,843011,0.0,43.0,0.0,0.0,58.714285714285715,0.0,0.03333333333333333,65.36666666666666,0.1,1587.5913370998117,1146.9537414965987,1.384180790960452
2025-11-03 01:01:59+00:00,735,531,843074,0.0,63.0,0.0,0.0,58.0,0.0,0.03333333333333333,64.93333333333334,0.1,1587.7099811676082,1147.0394557823129,1.384180790960452
2025-11-04 00:58:51+00:00,736,531,843146,1.0,72.0,0.0,0.14285714285714285,59.142857142857146,0.0,0.1,64.9,0.1,1587.8455743879472,1145.578804347826,1.3860640301318268
2025-11-05 01:00:32+00:00,736,532,843200,0.0,54.0,1.0,0.14285714285714285,60.285714285714285,0.14285714285714285,0.1,64.5,0.1,1584.9624060150377,1145.6521739130435,1.3834586466165413
2025-11-06 00:59:30+00:00,736,532,843260,0.0,60.0,0.0,0.14285714285714285,68.85714285714286,0.14285714285714285,0.1,64.26666666666667,0.1,1585.0751879699249,1145.733695652174,1.3834586466165413
2025-11-07 01:00:03+00:00,736,532,843482,0.0,222.0,0.0,0.14285714285714285,81.57142857142857,0.14285714285714285,0.06666666666666667,69.7,0.1,1585.4924812030076,1146.0353260869565,1.3834586466165413
2025-11-08 00:56:00+00:00,736,531,843812,0.0,330.0,-1.0,0.14285714285714285,120.57142857142857,0.0,0.06666666666666667,79.16666666666667,0.06666666666666667,1589.099811676083,1146.483695652174,1.3860640301318268
2025-11-09 01:02:21+00:00,738,532,843867,2.0,55.0,1.0,0.42857142857142855,122.28571428571429,0.14285714285714285,0.13333333333333333,78.53333333333333,0.1,1586.2161654135339,1143.4512195121952,1.387218045112782
2025-11-10 01:02:23+00:00,738,530,845193,0.0,1326.0,-2.0,0.42857142857142855,302.7142857142857,-0.14285714285714285,0.13333333333333333,120.83333333333333,0.03333333333333333,1594.7037735849055,1145.2479674796748,1.3924528301886792
2025-11-11 01:00:17+00:00,738,531,845088,0.0,-105.0,1.0,0.2857142857142857,277.42857142857144,0.0,0.13333333333333333,115.9,0.06666666666666667,1591.502824858757,1145.1056910569105,1.3898305084745763
2025-11-12 00:59:49+00:00,738,531,846065,0.0,977.0,0.0,0.2857142857142857,409.2857142857143,-0.14285714285714285,0.1,146.16666666666666,0.0,1593.3427495291903,1146.429539295393,1.3898305084745763
2025-11-13 01:00:20+00:00,738,531,846141,0.0,76.0,0.0,0.2857142857142857,411.57142857142856,-0.14285714285714285,0.1,141.03333333333333,0.0,1593.4858757062148,1146.5325203252032,1.3898305084745763
2025-11-14 01:00:04+00:00,737,531,846191,-1.0,50.0,0.0,0.14285714285714285,387.0,-0.14285714285714285,0.06666666666666667,140.46666666666667,0.0,1593.5800376647835,1148.156037991859,1.3879472693032016
2025-11-15 00:58:23+00:00,737,531,846277,0.0,86.0,0.0,0.14285714285714285,352.14285714285717,0.0,0.1,141.76666666666668,0.0,1593.7419962335216,1148.2727272727273,1.3879472693032016
2025-11-16 01:03:52+00:00,737,531,846346,0.0,69.0,0.0,-0.14285714285714285,354.14285714285717,-0.14285714285714285,0.1,142.36666666666667,0.0,1593.8719397363466,1148.3663500678426,1.3879472693032016
2025-11-17 01:00:57+00:00,738,533,846506,1.0,160.0,2.0,0.0,187.57142857142858,0.42857142857142855,0.13333333333333333,145.63333333333333,0.06666666666666667,1588.1913696060037,1147.0271002710026,1.3846153846153846
2025-11-18 00:59:41+00:00,736,535,847075,-2.0,569.0,2.0,-0.2857142857142857,283.85714285714283,0.5714285714285714,0.06666666666666667,162.86666666666667,0.13333333333333333,1583.3177570093458,1150.9171195652175,1.3757009345794393
2025-11-19 00:59:34+00:00,736,534,847130,0.0,55.0,-1.0,-0.2857142857142857,152.14285714285714,0.42857142857142855,0.06666666666666667,162.1,0.1,1586.3857677902622,1150.991847826087,1.3782771535580525
2025-11-20 00:58:34+00:00,737,535,847198,1.0,68.0,1.0,-0.14285714285714285,151.0,0.5714285714285714,0.1,162.76666666666668,0.13333333333333333,1583.547663551402,1149.5223880597016,1.377570093457944
2025-11-21 00:59:01+00:00,737,536,848969,0.0,1771.0,1.0,0.0,396.85714285714283,0.7142857142857143,0.1,220.0,0.16666666666666666,1583.8973880597016,1151.9253731343283,1.375
2025-11-22 00:57:08+00:00,738,536,849068,1.0,99.0,0.0,0.14285714285714285,398.7142857142857,0.7142857142857143,0.13333333333333333,221.86666666666667,0.16666666666666666,1584.0820895522388,1150.4986449864498,1.376865671641791
2025-11-23 01:07:47+00:00,738,536,849206,0.0,138.0,0.0,0.14285714285714285,408.57142857142856,0.7142857142857143,0.13333333333333333,224.3,0.16666666666666666,1584.339552238806,1150.6856368563685,1.376865671641791
2025-11-24 01:03:53+00:00,738,537,849294,0.0,88.0,1.0,0.0,398.2857142857143,0.5714285714285714,0.13333333333333333,224.43333333333334,0.2,1581.5530726256984,1150.8048780487804,1.3743016759776536
2025-11-25 00:59:08+00:00,739,537,849375,1.0,81.0,0.0,0.42857142857142855,328.57142857142856,0.2857142857142857,0.13333333333333333,225.83333333333334,0.2,1581.703910614525,1149.3572395128551,1.3761638733705772
2025-11-26 01:00:08+00:00,739,537,849443,0.0,68.0,0.0,0.42857142857142855,330.42857142857144,0.42857142857142855,0.13333333333333333,225.83333333333334,0.2,1581.830540037244,1149.4492557510148,1.3761638733705772
2025-11-27 00:59:14+00:00,740,537,849496,1.0,53.0,0.0,0.42857142857142855,328.2857142857143,0.2857142857142857,0.16666666666666666,225.46666666666667,0.2,1581.9292364990688,1147.9675675675676,1.378026070763501
2025-11-28 00:58:09+00:00,740,537,849569,0.0,73.0,0.0,0.42857142857142855,85.71428571428571,0.14285714285714285,0.16666666666666666,226.36666666666667,0.2,1582.0651769087524,1148.0662162162162,1.378026070763501
2025-11-29 00:58:28+00:00,740,537,849643,0.0,74.0,0.0,0.2857142857142857,82.14285714285714,0.14285714285714285,0.16666666666666666,228.83333333333334,0.2,1582.2029795158287,1148.1662162162163,1.378026070763501
2025-11-30 01:07:24+00:00,740,537,849702,0.0,59.0,0.0,0.2857142857142857,70.85714285714286,0.14285714285714285,0.16666666666666666,226.36666666666667,0.2,1582.3128491620112,1148.245945945946,1.378026070763501
2025-12-01 01:12:03+00:00,740,538,849807,0.0,105.0,1.0,0.2857142857142857,73.28571428571429,0.14285714285714285,0.16666666666666666,227.96666666666667,0.23333333333333334,1579.5669144981412,1148.3878378378379,1.3754646840148699
2025-12-02 01:01:07+00:00,740,538,849881,0.0,74.0,0.0,0.14285714285714285,72.28571428571429,0.14285714285714285,0.16666666666666666,229.0,0.23333333333333334,1579.7044609665427,1148.4878378378378,1.3754646840148699
2025-12-03 01:01:36+00:00,741,538,849978,1.0,97.0,0.0,0.2857142857142857,76.42857142857143,0.14285714285714285,0.2,230.13333333333333,0.23333333333333334,1579.8847583643123,1147.068825910931,1.3773234200743494
2025-12-04 01:01:17+00:00,742,538,850022,1.0,44.0,0.0,0.2857142857142857,75.14285714285714,0.14285714285714285,0.2,229.2,0.23333333333333334,1579.9665427509294,1145.5822102425875,1.379182156133829
2025-12-05 01:02:01+00:00,740,538,850106,-2.0,84.0,0.0,0.0,76.71428571428571,0.14285714285714285,0.13333333333333333,230.2,0.2,1580.1226765799256,1148.791891891892,1.3754646840148699
2025-12-06 00:58:43+00:00,740,538,850154,0.0,48.0,0.0,0.0,73.0,0.14285714285714285,0.13333333333333333,229.8,0.2,1580.2118959107806,1148.8567567567568,1.3754646840148699
2025-12-07 01:07:39+00:00,740,538,850199,0.0,45.0,0.0,0.0,71.0,0.14285714285714285,0.13333333333333333,223.9,0.2,1580.2955390334573,1148.9175675675676,1.3754646840148699
2025-12-08 01:01:57+00:00,740,538,850278,0.0,79.0,0.0,0.0,67.28571428571429,0.0,0.13333333333333333,215.53333333333333,0.23333333333333334,1580.4423791821562,1149.0243243243244,1.3754646840148699
2025-12-09 01:01:35+00:00,740,538,850359,0.0,81.0,0.0,0.0,68.28571428571429,0.0,0.06666666666666667,216.4,0.2,1580.592936802974,1149.1337837837839,1.3754646840148699
2025-12-10 01:03:02+00:00,740,538,850438,0.0,79.0,0.0,-0.14285714285714285,65.71428571428571,0.0,0.06666666666666667,174.83333333333334,0.26666666666666666,1580.7397769516729,1149.2405405405405,1.3754646840148699
2025-12-11 01:03:48+00:00,740,538,850511,0.0,73.0,0.0,-0.2857142857142857,69.85714285714286,0.0,0.06666666666666667,180.76666666666668,0.23333333333333334,1580.8754646840148,1149.3391891891893,1.3754646840148699
2025-12-12 01:03:30+00:00,740,538,850621,0.0,110.0,0.0,0.0,73.57142857142857,0.0,0.06666666666666667,151.86666666666667,0.23333333333333334,1581.0799256505577,1149.4878378378378,1.3754646840148699
2025-12-13 00:59:33+00:00,741,538,850693,1.0,72.0,0.0,0.14285714285714285,77.0,0.0,0.1,151.73333333333332,0.23333333333333334,1581.2137546468402,1148.033738191633,1.3773234200743494
2025-12-14 01:07:55+00:00,740,538,850759,-1.0,66.0,0.0,0.0,80.0,0.0,0.1,152.26666666666668,0.23333333333333334,1581.3364312267659,1149.6743243243243,1.3754646840148699
2025-12-15 01:05:43+00:00,739,538,850820,-1.0,61.0,0.0,-0.14285714285714285,77.42857142857143,0.0,0.06666666666666667,151.43333333333334,0.23333333333333334,1581.4498141263941,1151.3125845737484,1.3736059479553904
2025-12-16 01:03:56+00:00,739,538,850886,0.0,66.0,0.0,-0.14285714285714285,75.28571428571429,0.0,0.06666666666666667,151.33333333333334,0.23333333333333334,1581.5724907063197,1151.401894451962,1.3736059479553904
2025-12-17 00:59:32+00:00,739,538,850971,0.0,85.0,0.0,-0.14285714285714285,76.14285714285714,0.0,0.03333333333333333,148.83333333333334,0.16666666666666666,1581.7304832713755,1151.5169147496617,1.3736059479553904
2025-12-18 01:00:19+00:00,739,538,851049,0.0,78.0,0.0,-0.14285714285714285,76.85714285714286,0.0,0.1,132.46666666666667,0.1,1581.8754646840148,1151.6224627875508,1.3736059479553904
2025-12-19 01:03:22+00:00,739,538,851113,0.0,64.0,0.0,-0.14285714285714285,70.28571428571429,0.0,0.1,132.76666666666668,0.13333333333333333,1581.9944237918216,1151.7090663058186,1.3736059479553904
2025-12-20 00:59:33+00:00,739,538,851144,0.0,31.0,0.0,-0.2857142857142857,64.42857142857143,0.0,0.06666666666666667,131.53333333333333,0.1,1582.0520446096655,1151.7510148849797,1.3736059479553904
2025-12-21 01:07:49+00:00,739,538,851199,0.0,55.0,0.0,-0.14285714285714285,62.857142857142854,0.0,0.06666666666666667,74.33333333333333,0.06666666666666667,1582.1542750929368,1151.8254397834912,1.3736059479553904
2025-12-22 01:06:28+00:00,739,538,851290,0.0,91.0,0.0,0.0,67.14285714285714,0.0,0.03333333333333333,74.06666666666666,0.06666666666666667,1582.3234200743495,1151.9485791610284,1.3736059479553904
2025-12-23 01:03:15+00:00,739,538,851368,0.0,78.0,0.0,0.0,68.85714285714286,0.0,0.03333333333333333,72.06666666666666,0.06666666666666667,1582.4684014869888,1152.0541271989175,1.3736059479553904
2025-12-24 01:02:55+00:00,739,538,851412,0.0,44.0,0.0,0.0,63.0,0.0,0.03333333333333333,70.6,0.03333333333333333,1582.5501858736059,1152.1136671177267,1.3736059479553904
2025-12-25 01:03:07+00:00,739,538,851507,0.0,95.0,0.0,0.0,65.42857142857143,0.0,0.0,71.06666666666666,0.03333333333333333,1582.7267657992566,1152.2422192151557,1.3736059479553904
2025-12-26 01:03:29+00:00,739,538,851555,0.0,48.0,0.0,0.0,63.142857142857146,0.0,0.0,70.4,0.03333333333333333,1582.8159851301116,1152.3071718538565,1.3736059479553904
2025-12-27 01:01:42+00:00,739,538,851621,0.0,66.0,0.0,0.0,68.14285714285714,0.0,-0.03333333333333333,70.83333333333333,0.03333333333333333,1582.9386617100372,1152.3964817320705,1.3736059479553904
2025-12-28 01:11:21+00:00,739,538,851670,0.0,49.0,0.0,0.0,67.28571428571429,0.0,-0.03333333333333333,70.03333333333333,0.03333333333333333,1583.0297397769516,1152.4627875507442,1.3736059479553904
2025-12-29 01:09:17+00:00,739,538,851726,0.0,56.0,0.0,0.0,62.285714285714285,0.0,-0.03333333333333333,69.43333333333334,0.03333333333333333,1583.1338289962825,1152.5385656292287,1.3736059479553904
2025-12-30 01:03:41+00:00,739,538,851787,0.0,61.0,0.0,0.0,59.857142857142854,0.0,-0.03333333333333333,69.5,0.03333333333333333,1583.2472118959108,1152.6211096075779,1.3736059479553904
2025-12-31 01:04:59+00:00,739,538,851866,0.0,79.0,0.0,0.0,64.85714285714286,0.0,-0.03333333333333333,68.63333333333334,0.0,1583.3940520446097,1152.7280108254397,1.3736059479553904
2026-01-01 01:11:20+00:00,739,538,851912,0.0,46.0,0.0,0.0,57.857142857142854,0.0,-0.03333333333333333,67.7,0.0,1583.4795539033457,1152.7902571041948,1.3736059479553904
2026-01-02 01:05:07+00:00,739,538,851957,0.0,45.0,0.0,0.0,57.42857142857143,0.0,-0.06666666666666667,65.96666666666667,0.0,1583.5631970260224,1152.851150202977,1.3736059479553904
2026-01-03 01:01:12+00:00,740,537,852025,1.0,68.0,-1.0,0.14285714285714285,57.714285714285715,-0.14285714285714285,-0.06666666666666667,66.76666666666667,-0.03333333333333333,1586.638733705773,1151.3851351351352,1.378026070763501
