date,channel,videos,subscribers,views
2025-06-08 13:42:52 UTC,Main,168,392,501256
2025-06-08 13:42:52 UTC,Fortnite,249,263,238077
2025-06-08 13:42:52 UTC,Troubleshooting,14,35,19703
2025-06-08 13:42:52 UTC,Adamsmr,45,12,12197
2025-06-08 13:42:52 UTC,AJ_Studios,9,3,3624
2025-06-09 02:19:04 UTC,Main,168,392,501295
2025-06-09 02:19:04 UTC,Fortnite,249,263,238077
2025-06-09 02:19:04 UTC,Troubleshooting,14,35,19706
2025-06-09 02:19:04 UTC,Adamsmr,45,12,12197
2025-06-09 02:19:04 UTC,AJ_Studios,9,3,3624
2025-06-10 02:09:40 UTC,Main,168,392,501334
2025-06-10 02:09:40 UTC,Fortnite,250,263,238086
2025-06-10 02:09:40 UTC,Troubleshooting,14,35,19710
2025-06-10 02:09:40 UTC,Adamsmr,45,12,12205
2025-06-10 02:09:40 UTC,AJ_Studios,9,3,3624
2025-06-11 02:08:30 UTC,Main,168,392,501428
2025-06-11 02:08:30 UTC,Fortnite,250,263,238086
2025-06-11 02:08:30 UTC,Troubleshooting,14,35,19710
2025-06-11 02:08:30 UTC,Adamsmr,45,12,12207
2025-06-11 02:08:30 UTC,AJ_Studios,9,3,3624
2025-06-12 02:07:00 UTC,Main,168,392,501472
2025-06-12 02:07:00 UTC,Fortnite,250,263,238089
2025-06-12 02:07:00 UTC,Troubleshooting,14,35,19712
2025-06-12 02:07:00 UTC,Adamsmr,45,12,12208
2025-06-12 02:07:00 UTC,AJ_Studios,9,3,3624
2025-06-13 02:08:31 UTC,Main,169,392,501495
2025-06-13 02:08:31 UTC,Fortnite,251,264,238089
2025-06-13 02:08:31 UTC,Troubleshooting,14,35,19716
2025-06-13 02:08:31 UTC,Adamsmr,46,12,12208
2025-06-13 02:08:31 UTC,AJ_Studios,10,3,3625
2025-06-14 02:03:55 UTC,Main,169,393,502241
2025-06-14 02:03:55 UTC,Fortnite,251,264,238840
2025-06-14 02:03:55 UTC,Troubleshooting,14,35,19720
2025-06-14 02:03:55 UTC,Adamsmr,47,12,12590
2025-06-14 02:03:55 UTC,AJ_Studios,10,3,3763
2025-06-15 02:23:55 UTC,Main,169,393,503034
2025-06-15 02:23:55 UTC,Fortnite,252,265,239947
2025-06-15 02:23:55 UTC,Troubleshooting,14,35,19724
2025-06-15 02:23:55 UTC,Adamsmr,48,12,13460
2025-06-15 02:23:55 UTC,AJ_Studios,11,5,5100
2025-06-16 02:18:06 UTC,Main,169,393,503259
2025-06-16 02:18:06 UTC,Fortnite,252,264,240011
2025-06-16 02:18:06 UTC,Troubleshooting,14,35,19730
2025-06-16 02:18:06 UTC,Adamsmr,48,12,13458
2025-06-16 02:18:06 UTC,AJ_Studios,11,5,5373
2025-06-17 02:09:05 UTC,Main,169,393,503479
2025-06-17 02:09:05 UTC,Fortnite,253,264,240117
2025-06-17 02:09:05 UTC,Troubleshooting,14,35,19731
2025-06-17 02:09:05 UTC,Adamsmr,50,13,13459
2025-06-17 02:09:05 UTC,AJ_Studios,11,5,5379
2025-06-18 02:08:01 UTC,Main,169,393,503660
2025-06-18 02:08:01 UTC,Fortnite,253,265,240413
2025-06-18 02:08:01 UTC,Troubleshooting,14,35,19731
2025-06-18 02:08:01 UTC,Adamsmr,51,13,14976
2025-06-18 02:08:01 UTC,AJ_Studios,11,5,5378
2025-06-19 02:08:47 UTC,Main,169,394,503736
2025-06-19 02:08:47 UTC,Fortnite,253,265,241130
2025-06-19 02:08:47 UTC,Troubleshooting,14,35,19737
2025-06-19 02:08:47 UTC,Adamsmr,51,13,16166
2025-06-19 02:08:47 UTC,AJ_Studios,11,5,5376
2025-06-20 02:07:50 UTC,Main,169,394,503811
2025-06-20 02:07:50 UTC,Fortnite,253,265,241133
2025-06-20 02:07:50 UTC,Troubleshooting,14,35,19737
2025-06-20 02:07:50 UTC,Adamsmr,51,13,16434
2025-06-20 02:07:50 UTC,AJ_Studios,11,5,5376
2025-06-21 02:05:29 UTC,Main,169,394,503836
2025-06-21 02:05:29 UTC,Fortnite,253,265,241144
2025-06-21 02:05:29 UTC,Troubleshooting,14,35,19739
2025-06-21 02:05:29 UTC,Adamsmr,51,13,16441
2025-06-21 02:05:29 UTC,AJ_Studios,11,5,5381
2025-06-22 02:23:51 UTC,Main,169,394,503895
2025-06-22 02:23:51 UTC,Fortnite,253,265,241145
2025-06-22 02:23:51 UTC,Troubleshooting,14,35,19740
2025-06-22 02:23:51 UTC,Adamsmr,52,13,16442
2025-06-22 02:23:51 UTC,AJ_Studios,11,5,5381
2025-06-23 02:21:59 UTC,Main,169,394,503959
2025-06-23 02:21:59 UTC,Fortnite,253,265,241146
2025-06-23 02:21:59 UTC,Troubleshooting,14,35,19743
2025-06-23 02:21:59 UTC,Adamsmr,52,14,17313
2025-06-23 02:21:59 UTC,AJ_Studios,11,5,5382
2025-06-24 02:09:42 UTC,Main,169,394,503984
2025-06-24 02:09:42 UTC,Fortnite,253,265,241148
2025-06-24 02:09:42 UTC,Troubleshooting,14,35,19743
2025-06-24 02:09:42 UTC,Adamsmr,52,14,17317
2025-06-24 02:09:42 UTC,AJ_Studios,11,5,5382
2025-06-25 02:09:54 UTC,Main,169,394,504019
2025-06-25 02:09:54 UTC,Fortnite,253,265,241150
2025-06-25 02:09:54 UTC,Troubleshooting,14,35,19745
2025-06-25 02:09:54 UTC,Adamsmr,52,14,17315
2025-06-25 02:09:54 UTC,AJ_Studios,11,5,5382
2025-06-26 02:09:11 UTC,Main,170,394,504052
2025-06-26 02:09:11 UTC,Fortnite,253,265,241151
2025-06-26 02:09:11 UTC,Troubleshooting,14,35,19752
2025-06-26 02:09:11 UTC,Adamsmr,52,14,17339
2025-06-26 02:09:11 UTC,AJ_Studios,11,5,5383
2025-06-27 02:09:43 UTC,Main,170,394,504199
2025-06-27 02:09:43 UTC,Fortnite,253,265,241154
2025-06-27 02:09:43 UTC,Troubleshooting,14,35,19755
2025-06-27 02:09:43 UTC,Adamsmr,52,14,17343
2025-06-27 02:09:43 UTC,AJ_Studios,11,5,5383
2025-06-28 02:05:16 UTC,Main,170,394,504472
2025-06-28 02:05:16 UTC,Fortnite,253,265,241156
2025-06-28 02:05:16 UTC,Troubleshooting,14,35,19756
2025-06-28 02:05:16 UTC,Adamsmr,52,14,17343
2025-06-28 02:05:16 UTC,AJ_Studios,11,5,5388
2025-06-29 02:26:21 UTC,Main,170,394,504513
2025-06-29 02:26:21 UTC,Fortnite,254,266,241158
2025-06-29 02:26:21 UTC,Troubleshooting,14,35,19760
2025-06-29 02:26:21 UTC,Adamsmr,52,14,17343
2025-06-29 02:26:21 UTC,AJ_Studios,11,5,5388
2025-06-30 02:21:01 UTC,Main,170,394,504638
2025-06-30 02:21:01 UTC,Fortnite,255,269,246246
2025-06-30 02:21:01 UTC,Troubleshooting,14,35,19761
2025-06-30 02:21:01 UTC,Adamsmr,53,14,17355
2025-06-30 02:21:01 UTC,AJ_Studios,11,5,5388
2025-07-01 02:27:20 UTC,Main,170,394,504692
2025-07-01 02:27:20 UTC,Fortnite,255,269,251161
2025-07-01 02:27:20 UTC,Troubleshooting,14,35,19761
2025-07-01 02:27:20 UTC,Adamsmr,53,15,17358
2025-07-01 02:27:20 UTC,AJ_Studios,11,5,5390
2025-07-02 02:09:20 UTC,Main,170,394,504716
2025-07-02 02:09:20 UTC,Fortnite,256,270,253696
2025-07-02 02:09:20 UTC,Troubleshooting,14,35,19763
2025-07-02 02:09:20 UTC,Adamsmr,54,15,18327
2025-07-02 02:09:20 UTC,AJ_Studios,11,5,5390
2025-07-03 02:09:53 UTC,Main,170,394,504777
2025-07-03 02:09:53 UTC,Fortnite,257,270,255477
2025-07-03 02:09:53 UTC,Troubleshooting,14,35,19765
2025-07-03 02:09:53 UTC,Adamsmr,54,15,19352
2025-07-03 02:09:53 UTC,AJ_Studios,11,5,5391
2025-07-04 00:50:53 UTC,Main,170,394,504813
2025-07-04 00:50:53 UTC,Fortnite,257,270,255578
2025-07-04 00:50:53 UTC,Troubleshooting,14,35,19768
2025-07-04 00:50:53 UTC,Adamsmr,53,15,19764
2025-07-04 00:50:53 UTC,AJ_Studios,11,5,5391
2025-07-04 02:08:55 UTC,Main,170,394,504813
2025-07-04 02:08:55 UTC,Fortnite,257,270,255907
2025-07-04 02:08:55 UTC,Troubleshooting,14,35,19768
2025-07-04 02:08:55 UTC,Adamsmr,53,15,19772
2025-07-04 02:08:55 UTC,AJ_Studios,11,5,5391
2025-07-04 12:27:13 UTC,Main,170,394,504829
2025-07-04 12:27:13 UTC,Fortnite,257,270,255907
2025-07-04 12:27:13 UTC,Troubleshooting,14,35,19775
2025-07-04 12:27:13 UTC,Adamsmr,54,15,19772
2025-07-04 12:27:13 UTC,AJ_Studios,11,5,5391
2025-07-05 02:05:00 UTC,Main,170,394,504874
2025-07-05 02:05:00 UTC,Fortnite,257,269,256300
2025-07-05 02:05:00 UTC,Troubleshooting,14,35,19776
2025-07-05 02:05:00 UTC,Adamsmr,54,15,19772
2025-07-05 02:05:00 UTC,AJ_Studios,11,5,5392
2025-07-06 02:24:57 UTC,Main,170,394,504914
2025-07-06 02:24:57 UTC,Fortnite,258,269,256363
2025-07-06 02:24:57 UTC,Troubleshooting,14,35,19777
2025-07-06 02:24:57 UTC,Adamsmr,54,15,19775
2025-07-06 02:24:57 UTC,AJ_Studios,11,5,5392
2025-07-07 02:21:37 UTC,Main,170,394,504941
2025-07-07 02:21:37 UTC,Fortnite,258,269,257313
2025-07-07 02:21:37 UTC,Troubleshooting,14,35,19782
2025-07-07 02:21:37 UTC,Adamsmr,54,15,19776
2025-07-07 02:21:37 UTC,AJ_Studios,11,5,5392
2025-07-08 02:10:22 UTC,Main,170,394,504986
2025-07-08 02:10:22 UTC,Fortnite,260,269,258024
2025-07-08 02:10:22 UTC,Troubleshooting,14,35,19785
2025-07-08 02:10:22 UTC,Adamsmr,55,15,19776
2025-07-08 02:10:22 UTC,AJ_Studios,11,5,5392
2025-07-09 02:15:14 UTC,Main,170,394,505037
2025-07-09 02:15:14 UTC,Fortnite,260,271,258720
2025-07-09 02:15:14 UTC,Troubleshooting,14,35,19795
2025-07-09 02:15:14 UTC,Adamsmr,55,15,19864
2025-07-09 02:15:14 UTC,AJ_Studios,11,5,5395
2025-07-10 02:17:51 UTC,Main,170,394,505072
2025-07-10 02:17:51 UTC,Fortnite,261,272,260193
2025-07-10 02:17:51 UTC,Troubleshooting,14,35,19803
2025-07-10 02:17:51 UTC,Adamsmr,55,15,19866
2025-07-10 02:17:51 UTC,AJ_Studios,11,5,5401
2025-07-11 02:20:54 UTC,Main,170,394,505146
2025-07-11 02:20:54 UTC,Fortnite,261,272,260937
2025-07-11 02:20:54 UTC,Troubleshooting,14,35,19803
2025-07-11 02:20:54 UTC,Adamsmr,55,15,19873
2025-07-11 02:20:54 UTC,AJ_Studios,11,5,5401
2025-07-12 02:21:19 UTC,Main,170,394,505174
2025-07-12 02:21:19 UTC,Fortnite,261,272,262209
2025-07-12 02:21:19 UTC,Troubleshooting,14,35,19805
2025-07-12 02:21:19 UTC,Adamsmr,55,15,19874
2025-07-12 02:21:19 UTC,AJ_Studios,11,5,5401
2025-07-13 02:29:49 UTC,Main,170,394,505248
2025-07-13 02:29:49 UTC,Fortnite,261,273,262209
2025-07-13 02:29:49 UTC,Troubleshooting,14,35,19808
2025-07-13 02:29:49 UTC,Adamsmr,55,15,19877
2025-07-13 02:29:49 UTC,AJ_Studios,11,6,5401
2025-07-14 02:25:07 UTC,Main,170,394,505284
2025-07-14 02:25:07 UTC,Fortnite,262,273,262218
2025-07-14 02:25:07 UTC,Troubleshooting,14,35,19812
2025-07-14 02:25:07 UTC,Adamsmr,55,15,19878
2025-07-14 02:25:07 UTC,AJ_Studios,11,6,5401
2025-07-15 02:24:36 UTC,Main,170,394,505325
2025-07-15 02:24:36 UTC,Fortnite,262,273,262218
2025-07-15 02:24:36 UTC,Troubleshooting,14,35,19816
2025-07-15 02:24:36 UTC,Adamsmr,55,15,19880
2025-07-15 02:24:36 UTC,AJ_Studios,12,6,5552
2025-07-16 02:21:26 UTC,Main,170,394,505357
2025-07-16 02:21:26 UTC,Fortnite,261,273,262639
2025-07-16 02:21:26 UTC,Troubleshooting,14,35,19818
2025-07-16 02:21:26 UTC,Adamsmr,55,15,19880
2025-07-16 02:21:26 UTC,AJ_Studios,12,6,6131
2025-07-17 02:22:00 UTC,Main,170,394,505431
2025-07-17 02:22:00 UTC,Fortnite,261,273,262651
2025-07-17 02:22:00 UTC,Troubleshooting,14,35,19822
2025-07-17 02:22:00 UTC,Adamsmr,55,15,19880
2025-07-17 02:22:00 UTC,AJ_Studios,12,6,7442
2025-07-18 02:23:32 UTC,Main,170,394,505450
2025-07-18 02:23:32 UTC,Fortnite,262,273,262655
2025-07-18 02:23:32 UTC,Troubleshooting,14,35,19827
2025-07-18 02:23:32 UTC,Adamsmr,55,15,19880
2025-07-18 02:23:32 UTC,AJ_Studios,12,6,7442
2025-07-19 02:11:32 UTC,Main,170,394,505488
2025-07-19 02:11:32 UTC,Fortnite,262,273,262657
2025-07-19 02:11:32 UTC,Troubleshooting,14,35,19827
2025-07-19 02:11:32 UTC,Adamsmr,55,15,19885
2025-07-19 02:11:32 UTC,AJ_Studios,12,6,7442
2025-07-20 02:32:26 UTC,Main,170,394,505553
2025-07-20 02:32:26 UTC,Fortnite,262,273,262659
2025-07-20 02:32:26 UTC,Troubleshooting,14,35,19828
2025-07-20 02:32:26 UTC,Adamsmr,55,15,19885
2025-07-20 02:32:26 UTC,AJ_Studios,12,6,7442
2025-07-21 02:28:54 UTC,Main,170,394,505592
2025-07-21 02:28:54 UTC,Fortnite,262,273,262660
2025-07-21 02:28:54 UTC,Troubleshooting,14,35,19829
2025-07-21 02:28:54 UTC,Adamsmr,55,15,19888
2025-07-21 02:28:54 UTC,AJ_Studios,12,6,7442
2025-07-22 02:22:48 UTC,Main,170,394,505659
2025-07-22 02:22:48 UTC,Fortnite,262,273,262661
2025-07-22 02:22:48 UTC,Troubleshooting,14,35,19829
2025-07-22 02:22:48 UTC,Adamsmr,55,15,19891
2025-07-22 02:22:48 UTC,AJ_Studios,12,6,7443
2025-07-23 02:24:06 UTC,Main,170,394,505692
2025-07-23 02:24:06 UTC,Fortnite,262,273,262662
2025-07-23 02:24:06 UTC,Troubleshooting,14,35,19830
2025-07-23 02:24:06 UTC,Adamsmr,56,15,20076
2025-07-23 02:24:06 UTC,AJ_Studios,12,6,7446
2025-07-24 02:23:12 UTC,Main,170,394,505732
2025-07-24 02:23:12 UTC,Fortnite,262,273,262662
2025-07-24 02:23:12 UTC,Troubleshooting,14,35,19830
2025-07-24 02:23:12 UTC,Adamsmr,56,15,20082
2025-07-24 02:23:12 UTC,AJ_Studios,12,6,7454
2025-07-25 02:22:44 UTC,Main,170,394,505775
2025-07-25 02:22:44 UTC,Fortnite,262,273,262662
2025-07-25 02:22:44 UTC,Troubleshooting,14,35,19835
2025-07-25 02:22:44 UTC,Adamsmr,56,15,20099
2025-07-25 02:22:44 UTC,AJ_Studios,12,6,7455
2025-07-26 02:19:03 UTC,Main,170,394,505819
2025-07-26 02:19:03 UTC,Fortnite,262,273,262664
2025-07-26 02:19:03 UTC,Troubleshooting,14,35,19837
2025-07-26 02:19:03 UTC,Adamsmr,56,15,20101
2025-07-26 02:19:03 UTC,AJ_Studios,12,6,7455
2025-07-27 02:33:19 UTC,Main,170,394,505851
2025-07-27 02:33:19 UTC,Fortnite,262,273,262666
2025-07-27 02:33:19 UTC,Troubleshooting,14,35,19840
2025-07-27 02:33:19 UTC,Adamsmr,56,15,20106
2025-07-27 02:33:19 UTC,AJ_Studios,12,6,7455
2025-07-28 02:29:44 UTC,Main,170,394,505923
2025-07-28 02:29:44 UTC,Fortnite,262,273,262667
2025-07-28 02:29:44 UTC,Troubleshooting,14,35,19842
2025-07-28 02:29:44 UTC,Adamsmr,56,15,20116
2025-07-28 02:29:44 UTC,AJ_Studios,12,6,7455
2025-07-29 02:34:44 UTC,Main,170,394,505934
2025-07-29 02:34:44 UTC,Fortnite,264,273,262670
2025-07-29 02:34:44 UTC,Troubleshooting,14,35,19846
2025-07-29 02:34:44 UTC,Adamsmr,56,15,20120
2025-07-29 02:34:44 UTC,AJ_Studios,12,6,7455
2025-07-30 02:26:12 UTC,Main,170,394,505976
2025-07-30 02:26:12 UTC,Fortnite,264,273,262806
2025-07-30 02:26:12 UTC,Troubleshooting,14,35,19849
2025-07-30 02:26:12 UTC,Adamsmr,56,15,20129
2025-07-30 02:26:12 UTC,AJ_Studios,12,6,7458
2025-07-31 02:25:23 UTC,Main,170,394,506035
2025-07-31 02:25:23 UTC,Fortnite,264,273,263825
2025-07-31 02:25:23 UTC,Troubleshooting,14,35,19850
2025-07-31 02:25:23 UTC,Adamsmr,56,15,20130
2025-07-31 02:25:23 UTC,AJ_Studios,12,6,7458
2025-08-01 02:37:18 UTC,Main,171,394,506090
2025-08-01 02:37:18 UTC,Fortnite,265,274,263902
2025-08-01 02:37:18 UTC,Troubleshooting,14,35,19852
2025-08-01 02:37:18 UTC,Adamsmr,56,15,20135
2025-08-01 02:37:18 UTC,AJ_Studios,12,6,7458
2025-08-02 02:19:44 UTC,Main,171,394,507640
2025-08-02 02:19:44 UTC,Fortnite,265,274,264804
2025-08-02 02:19:44 UTC,Troubleshooting,14,35,19853
2025-08-02 02:19:44 UTC,Adamsmr,56,15,20155
2025-08-02 02:19:44 UTC,AJ_Studios,12,6,7458
2025-08-03 02:35:50 UTC,Main,171,394,507684
2025-08-03 02:35:50 UTC,Fortnite,265,274,264810
2025-08-03 02:35:50 UTC,Troubleshooting,14,35,19862
2025-08-03 02:35:50 UTC,Adamsmr,56,15,20168
2025-08-03 02:35:50 UTC,AJ_Studios,12,6,7458
2025-08-04 02:35:08 UTC,Main,172,394,507763
2025-08-04 02:35:08 UTC,Fortnite,265,274,264810
2025-08-04 02:35:08 UTC,Troubleshooting,14,35,19862
2025-08-04 02:35:08 UTC,Adamsmr,56,15,20168
2025-08-04 02:35:08 UTC,AJ_Studios,12,6,7460
2025-08-05 02:28:44 UTC,Main,172,395,507793
2025-08-05 02:28:44 UTC,Fortnite,265,274,264810
2025-08-05 02:28:44 UTC,Troubleshooting,14,35,19870
2025-08-05 02:28:44 UTC,Adamsmr,56,15,20176
2025-08-05 02:28:44 UTC,AJ_Studios,12,6,7463
2025-08-06 02:26:48 UTC,Main,172,395,507938
2025-08-06 02:26:48 UTC,Fortnite,265,274,264811
2025-08-06 02:26:48 UTC,Troubleshooting,14,35,19873
2025-08-06 02:26:48 UTC,Adamsmr,56,15,20180
2025-08-06 02:26:48 UTC,AJ_Studios,12,6,7463
2025-08-07 02:27:04 UTC,Main,172,395,508519
2025-08-07 02:27:04 UTC,Fortnite,265,274,264811
2025-08-07 02:27:04 UTC,Troubleshooting,14,35,19875
2025-08-07 02:27:04 UTC,Adamsmr,56,15,20184
2025-08-07 02:27:04 UTC,AJ_Studios,12,6,7463
2025-08-08 02:27:02 UTC,Main,172,395,508545
2025-08-08 02:27:02 UTC,Fortnite,265,274,264812
2025-08-08 02:27:02 UTC,Troubleshooting,14,35,19879
2025-08-08 02:27:02 UTC,Adamsmr,56,15,20193
2025-08-08 02:27:02 UTC,AJ_Studios,12,6,7463
2025-08-09 02:09:02 UTC,Main,172,395,508590
2025-08-09 02:09:02 UTC,Fortnite,265,274,264813
2025-08-09 02:09:02 UTC,Troubleshooting,14,35,19882
2025-08-09 02:09:02 UTC,Adamsmr,56,15,20194
2025-08-09 02:09:02 UTC,AJ_Studios,12,6,7463
2025-08-10 02:30:56 UTC,Main,172,395,508627
2025-08-10 02:30:56 UTC,Fortnite,265,274,264813
2025-08-10 02:30:56 UTC,Troubleshooting,15,38,19887
2025-08-10 02:30:56 UTC,Adamsmr,56,15,20198
2025-08-10 02:30:56 UTC,AJ_Studios,12,6,7465
2025-08-11 02:26:37 UTC,Main,172,395,508675
2025-08-11 02:26:37 UTC,Fortnite,265,274,264813
2025-08-11 02:26:37 UTC,Troubleshooting,15,38,21845
2025-08-11 02:26:37 UTC,Adamsmr,56,15,20198
2025-08-11 02:26:37 UTC,AJ_Studios,12,6,7465
2025-08-12 02:08:36 UTC,Main,172,395,508717
2025-08-12 02:08:36 UTC,Fortnite,266,275,265800
2025-08-12 02:08:36 UTC,Troubleshooting,16,38,24072
2025-08-12 02:08:36 UTC,Adamsmr,56,15,20209
2025-08-12 02:08:36 UTC,AJ_Studios,12,6,7465
2025-08-13 02:10:04 UTC,Main,172,395,508767
2025-08-13 02:10:04 UTC,Fortnite,267,276,266516
2025-08-13 02:10:04 UTC,Troubleshooting,16,38,24444
2025-08-13 02:10:04 UTC,Adamsmr,56,15,20221
2025-08-13 02:10:04 UTC,AJ_Studios,12,6,7475
2025-08-14 02:10:58 UTC,Main,173,395,508819
2025-08-14 02:10:58 UTC,Fortnite,267,276,267117
2025-08-14 02:10:58 UTC,Troubleshooting,17,38,24819
2025-08-14 02:10:58 UTC,Adamsmr,56,15,20226
2025-08-14 02:10:58 UTC,AJ_Studios,12,6,7475
2025-08-15 02:11:32 UTC,Main,173,395,509479
2025-08-15 02:11:32 UTC,Fortnite,267,276,267453
2025-08-15 02:11:32 UTC,Troubleshooting,17,40,25379
2025-08-15 02:11:32 UTC,Adamsmr,56,15,20226
2025-08-15 02:11:32 UTC,AJ_Studios,12,6,7477
2025-08-16 02:05:23 UTC,Main,172,395,510212
2025-08-16 02:05:23 UTC,Fortnite,266,276,267470
2025-08-16 02:05:23 UTC,Troubleshooting,18,41,25581
2025-08-16 02:05:23 UTC,Adamsmr,56,15,20230
2025-08-16 02:05:23 UTC,AJ_Studios,12,6,7477
2025-08-17 02:23:23 UTC,Main,172,395,511772
2025-08-17 02:23:23 UTC,Fortnite,266,276,267424
2025-08-17 02:23:23 UTC,Troubleshooting,18,41,26083
2025-08-17 02:23:23 UTC,Adamsmr,56,15,20247
2025-08-17 02:23:23 UTC,AJ_Studios,12,6,7479
2025-08-18 02:23:38 UTC,Main,172,395,511792
2025-08-18 02:23:38 UTC,Fortnite,266,275,267425
2025-08-18 02:23:38 UTC,Troubleshooting,19,41,26584
2025-08-18 02:23:38 UTC,Adamsmr,56,15,20253
2025-08-18 02:23:38 UTC,AJ_Studios,12,6,7479
2025-08-19 02:04:04 UTC,Main,172,395,513377
2025-08-19 02:04:04 UTC,Fortnite,266,275,267437
2025-08-19 02:04:04 UTC,Troubleshooting,19,42,27778
2025-08-19 02:04:04 UTC,Adamsmr,56,15,20256
2025-08-19 02:04:04 UTC,AJ_Studios,12,6,7489
2025-08-19 19:57:16 UTC,Main,172,395,513408
2025-08-19 19:57:16 UTC,Fortnite,266,275,267441
2025-08-19 19:57:16 UTC,Troubleshooting,19,42,27835
2025-08-19 19:57:16 UTC,Adamsmr,56,15,20260
2025-08-19 19:57:16 UTC,AJ_Studios,12,6,7489
2025-08-20 02:02:18 UTC,Main,172,395,513408
2025-08-20 02:02:18 UTC,Fortnite,266,275,267441
2025-08-20 02:02:18 UTC,Troubleshooting,19,43,27835
2025-08-20 02:02:18 UTC,Adamsmr,56,15,20260
2025-08-20 02:02:18 UTC,AJ_Studios,12,6,7489
2025-08-21 02:00:53 UTC,Main,172,395,513439
2025-08-21 02:00:53 UTC,Fortnite,266,275,267441
2025-08-21 02:00:53 UTC,Troubleshooting,19,43,28169
2025-08-21 02:00:53 UTC,Adamsmr,56,15,20266
2025-08-21 02:00:53 UTC,AJ_Studios,12,6,7491
2025-08-22 02:01:43 UTC,Main,173,396,513497
2025-08-22 02:01:43 UTC,Fortnite,266,275,267441
2025-08-22 02:01:43 UTC,Troubleshooting,19,43,28425
2025-08-22 02:01:43 UTC,Adamsmr,56,15,20270
2025-08-22 02:01:43 UTC,AJ_Studios,12,6,7492
2025-08-23 01:57:11 UTC,Main,173,396,513624
2025-08-23 01:57:11 UTC,Fortnite,266,275,267442
2025-08-23 01:57:11 UTC,Troubleshooting,17,43,28497
2025-08-23 01:57:11 UTC,Adamsmr,56,15,20278
2025-08-23 01:57:11 UTC,AJ_Studios,12,6,7492
2025-08-24 02:18:24 UTC,Main,172,396,513697
2025-08-24 02:18:24 UTC,Fortnite,266,275,267442
2025-08-24 02:18:24 UTC,Troubleshooting,19,43,28441
2025-08-24 02:18:24 UTC,Adamsmr,56,15,20282
2025-08-24 02:18:24 UTC,AJ_Studios,12,6,7495
2025-08-25 02:06:47 UTC,Main,172,396,513725
2025-08-25 02:06:47 UTC,Fortnite,266,275,267442
2025-08-25 02:06:47 UTC,Troubleshooting,17,43,28848
2025-08-25 02:06:47 UTC,Adamsmr,56,15,20282
2025-08-25 02:06:47 UTC,AJ_Studios,12,6,7496
2025-08-26 02:02:45 UTC,Main,172,397,513766
2025-08-26 02:02:45 UTC,Fortnite,266,275,267444
2025-08-26 02:02:45 UTC,Troubleshooting,17,43,28857
2025-08-26 02:02:45 UTC,Adamsmr,56,15,20283
2025-08-26 02:02:45 UTC,AJ_Studios,12,6,7496
2025-08-27 01:58:45 UTC,Main,172,397,513805
2025-08-27 01:58:45 UTC,Fortnite,266,275,267449
2025-08-27 01:58:45 UTC,Troubleshooting,17,43,28866
2025-08-27 01:58:45 UTC,Adamsmr,56,15,20288
2025-08-27 01:58:45 UTC,AJ_Studios,13,6,7496
2025-08-28 01:57:56 UTC,Main,172,397,513842
2025-08-28 01:57:56 UTC,Fortnite,266,275,267450
2025-08-28 01:57:56 UTC,Troubleshooting,17,43,28523
2025-08-28 01:57:56 UTC,Adamsmr,56,15,20289
2025-08-28 01:57:56 UTC,AJ_Studios,12,6,7696
2025-08-29 01:57:56 UTC,Main,172,397,513894
2025-08-29 01:57:56 UTC,Fortnite,266,275,267455
2025-08-29 01:57:56 UTC,Troubleshooting,17,43,28523
2025-08-29 01:57:56 UTC,Adamsmr,56,15,20293
2025-08-29 01:57:56 UTC,AJ_Studios,13,6,7695
2025-08-30 01:52:26 UTC,Main,172,397,513941
2025-08-30 01:52:26 UTC,Fortnite,266,275,267455
2025-08-30 01:52:26 UTC,Troubleshooting,17,43,28526
2025-08-30 01:52:26 UTC,Adamsmr,56,15,20298
2025-08-30 01:52:26 UTC,AJ_Studios,13,6,7697
2025-08-31 02:03:55 UTC,Main,172,397,514000
2025-08-31 02:03:55 UTC,Fortnite,266,275,267455
2025-08-31 02:03:55 UTC,Troubleshooting,17,43,28527
2025-08-31 02:03:55 UTC,Adamsmr,56,15,20298
2025-08-31 02:03:55 UTC,AJ_Studios,13,6,7708
2025-09-01 02:20:26 UTC,Main,172,397,514044
2025-09-01 02:20:26 UTC,Fortnite,266,275,267455
2025-09-01 02:20:26 UTC,Troubleshooting,17,44,28529
2025-09-01 02:20:26 UTC,Adamsmr,56,15,20303
2025-09-01 02:20:26 UTC,AJ_Studios,13,6,7714
2025-09-02 02:00:09 UTC,Main,173,397,514092
2025-09-02 02:00:09 UTC,Fortnite,266,275,267455
2025-09-02 02:00:09 UTC,Troubleshooting,17,44,28535
2025-09-02 02:00:09 UTC,Adamsmr,56,15,20310
2025-09-02 02:00:09 UTC,AJ_Studios,13,6,7714
2025-09-03 01:52:02 UTC,Main,172,397,514208
2025-09-03 01:52:02 UTC,Fortnite,266,275,267455
2025-09-03 01:52:02 UTC,Troubleshooting,17,44,28535
2025-09-03 01:52:02 UTC,Adamsmr,56,15,20311
2025-09-03 01:52:02 UTC,AJ_Studios,13,6,7704
2025-09-04 01:52:35 UTC,Main,172,397,514199
2025-09-04 01:52:35 UTC,Fortnite,266,275,267459
2025-09-04 01:52:35 UTC,Troubleshooting,17,44,28538
2025-09-04 01:52:35 UTC,Adamsmr,56,15,20312
2025-09-04 01:52:35 UTC,AJ_Studios,13,6,7706
2025-09-05 01:55:19 UTC,Main,172,397,514229
2025-09-05 01:55:19 UTC,Fortnite,266,275,267459
2025-09-05 01:55:19 UTC,Troubleshooting,17,44,28538
2025-09-05 01:55:19 UTC,Adamsmr,56,15,20318
2025-09-05 01:55:19 UTC,AJ_Studios,13,6,7707
2025-09-06 01:52:19 UTC,Main,172,397,514265
2025-09-06 01:52:19 UTC,Fortnite,266,275,267459
2025-09-06 01:52:19 UTC,Troubleshooting,17,44,28549
2025-09-06 01:52:19 UTC,Adamsmr,56,15,20321
2025-09-06 01:52:19 UTC,AJ_Studios,13,6,7707
2025-09-07 02:01:25 UTC,Main,172,397,514290
2025-09-07 02:01:25 UTC,Fortnite,266,274,267459
2025-09-07 02:01:25 UTC,Troubleshooting,17,44,28551
2025-09-07 02:01:25 UTC,Adamsmr,56,15,20321
2025-09-07 02:01:25 UTC,AJ_Studios,13,6,7708
2025-09-08 02:01:04 UTC,Main,172,397,514355
2025-09-08 02:01:04 UTC,Fortnite,266,274,267459
2025-09-08 02:01:04 UTC,Troubleshooting,17,44,28551
2025-09-08 02:01:04 UTC,Adamsmr,56,15,20327
2025-09-08 02:01:04 UTC,AJ_Studios,13,6,7708
2025-09-09 01:57:04 UTC,Main,172,397,514448
2025-09-09 01:57:04 UTC,Fortnite,266,273,267461
2025-09-09 01:57:04 UTC,Troubleshooting,17,44,28558
2025-09-09 01:57:04 UTC,Adamsmr,56,15,20330
2025-09-09 01:57:04 UTC,AJ_Studios,13,6,7708
2025-09-10 01:53:07 UTC,Main,172,397,514468
2025-09-10 01:53:07 UTC,Fortnite,266,273,267461
2025-09-10 01:53:07 UTC,Troubleshooting,17,44,28558
2025-09-10 01:53:07 UTC,Adamsmr,56,15,20335
2025-09-10 01:53:07 UTC,AJ_Studios,13,6,7709
2025-09-11 01:56:23 UTC,Main,172,397,514506
2025-09-11 01:56:23 UTC,Fortnite,266,273,267462
2025-09-11 01:56:23 UTC,Troubleshooting,17,44,28565
2025-09-11 01:56:23 UTC,Adamsmr,56,15,20340
2025-09-11 01:56:23 UTC,AJ_Studios,13,6,7714
2025-09-12 01:51:33 UTC,Main,172,397,514537
2025-09-12 01:51:33 UTC,Fortnite,266,273,267466
2025-09-12 01:51:33 UTC,Troubleshooting,17,44,28573
2025-09-12 01:51:33 UTC,Adamsmr,56,15,20342
2025-09-12 01:51:33 UTC,AJ_Studios,13,6,7716
2025-09-13 01:47:09 UTC,Main,172,397,514579
2025-09-13 01:47:09 UTC,Fortnite,266,272,267469
2025-09-13 01:47:09 UTC,Troubleshooting,17,44,28578
2025-09-13 01:47:09 UTC,Adamsmr,56,15,20342
2025-09-13 01:47:09 UTC,AJ_Studios,13,6,7717
2025-09-14 02:00:50 UTC,Main,172,397,514639
2025-09-14 02:00:50 UTC,Fortnite,266,273,267470
2025-09-14 02:00:50 UTC,Troubleshooting,17,44,28579
2025-09-14 02:00:50 UTC,Adamsmr,56,15,20343
2025-09-14 02:00:50 UTC,AJ_Studios,13,6,7717
2025-09-15 02:02:16 UTC,Main,172,397,514727
2025-09-15 02:02:16 UTC,Fortnite,266,273,267471
2025-09-15 02:02:16 UTC,Troubleshooting,17,44,28586
2025-09-15 02:02:16 UTC,Adamsmr,56,15,20356
2025-09-15 02:02:16 UTC,AJ_Studios,13,6,7720
2025-09-16 01:53:12 UTC,Main,172,397,514739
2025-09-16 01:53:12 UTC,Fortnite,266,273,267472
2025-09-16 01:53:12 UTC,Troubleshooting,17,44,28587
2025-09-16 01:53:12 UTC,Adamsmr,56,15,20356
2025-09-16 01:53:12 UTC,AJ_Studios,13,6,7720
2025-09-17 01:52:38 UTC,Main,171,397,514778
2025-09-17 01:52:38 UTC,Fortnite,267,274,267472
2025-09-17 01:52:38 UTC,Troubleshooting,17,44,28600
2025-09-17 01:52:38 UTC,Adamsmr,56,15,20358
2025-09-17 01:52:38 UTC,AJ_Studios,13,6,7720
2025-09-18 01:53:09 UTC,Main,171,397,514809
2025-09-18 01:53:09 UTC,Fortnite,266,274,268683
2025-09-18 01:53:09 UTC,Troubleshooting,17,44,28603
2025-09-18 01:53:09 UTC,Adamsmr,56,15,20386
2025-09-18 01:53:09 UTC,AJ_Studios,13,6,7720
2025-09-19 01:56:35 UTC,Main,171,397,514854
2025-09-19 01:56:35 UTC,Fortnite,267,274,268695
2025-09-19 01:56:35 UTC,Troubleshooting,17,44,28605
2025-09-19 01:56:35 UTC,Adamsmr,56,15,20391
2025-09-19 01:56:35 UTC,AJ_Studios,13,6,7721
2025-09-20 01:51:11 UTC,Main,173,398,514890
2025-09-20 01:51:11 UTC,Fortnite,267,274,268706
2025-09-20 01:51:11 UTC,Troubleshooting,17,44,28606
2025-09-20 01:51:11 UTC,Adamsmr,56,15,20391
2025-09-20 01:51:11 UTC,AJ_Studios,13,6,7723
2025-09-21 02:04:15 UTC,Main,173,398,515010
2025-09-21 02:04:15 UTC,Fortnite,268,274,268707
2025-09-21 02:04:15 UTC,Troubleshooting,17,44,28608
2025-09-21 02:04:15 UTC,Adamsmr,56,15,20393
2025-09-21 02:04:15 UTC,AJ_Studios,13,6,7723
2025-09-22 02:04:21 UTC,Main,173,397,515069
2025-09-22 02:04:21 UTC,Fortnite,267,274,268709
2025-09-22 02:04:21 UTC,Troubleshooting,17,44,28609
2025-09-22 02:04:21 UTC,Adamsmr,56,15,20397
2025-09-22 02:04:21 UTC,AJ_Studios,13,6,7723
2025-09-23 01:53:49 UTC,Main,173,397,515110
2025-09-23 01:53:49 UTC,Fortnite,267,274,268710
2025-09-23 01:53:49 UTC,Troubleshooting,17,44,28612
2025-09-23 01:53:49 UTC,Adamsmr,56,15,20398
2025-09-23 01:53:49 UTC,AJ_Studios,13,6,7723
2025-09-24 01:55:06 UTC,Main,173,396,515160
2025-09-24 01:55:06 UTC,Fortnite,267,274,268710
2025-09-24 01:55:06 UTC,Troubleshooting,17,44,28612
2025-09-24 01:55:06 UTC,Adamsmr,56,15,20401
2025-09-24 01:55:06 UTC,AJ_Studios,13,6,7723
2025-09-25 01:56:05 UTC,Main,173,396,515216
2025-09-25 01:56:05 UTC,Fortnite,267,274,268710
2025-09-25 01:56:05 UTC,Troubleshooting,17,44,28615
2025-09-25 01:56:05 UTC,Adamsmr,57,15,20404
2025-09-25 01:56:05 UTC,AJ_Studios,13,6,7727
2025-09-26 01:55:17 UTC,Main,173,396,515243
2025-09-26 01:55:17 UTC,Fortnite,267,274,268710
2025-09-26 01:55:17 UTC,Troubleshooting,17,44,28619
2025-09-26 01:55:17 UTC,Adamsmr,57,15,20407
2025-09-26 01:55:17 UTC,AJ_Studios,13,6,7729
2025-09-27 01:50:42 UTC,Main,173,396,515285
2025-09-27 01:50:42 UTC,Fortnite,267,274,268710
2025-09-27 01:50:42 UTC,Troubleshooting,17,44,28623
2025-09-27 01:50:42 UTC,Adamsmr,57,15,20409
2025-09-27 01:50:42 UTC,AJ_Studios,13,6,7731
2025-09-28 02:05:07 UTC,Main,173,396,515314
2025-09-28 02:05:07 UTC,Fortnite,267,273,268710
2025-09-28 02:05:07 UTC,Troubleshooting,17,44,28630
2025-09-28 02:05:07 UTC,Adamsmr,57,15,20413
2025-09-28 02:05:07 UTC,AJ_Studios,13,6,7731
2025-09-29 01:58:45 UTC,Main,173,396,515356
2025-09-29 01:58:45 UTC,Fortnite,267,273,268710
2025-09-29 01:58:45 UTC,Troubleshooting,17,44,28642
2025-09-29 01:58:45 UTC,Adamsmr,57,15,20413
2025-09-29 01:58:45 UTC,AJ_Studios,13,6,7731
2025-09-30 01:53:33 UTC,Main,174,396,515393
2025-09-30 01:53:33 UTC,Fortnite,267,273,268710
2025-09-30 01:53:33 UTC,Troubleshooting,17,44,28643
2025-09-30 01:53:33 UTC,Adamsmr,57,15,20417
2025-09-30 01:53:33 UTC,AJ_Studios,13,6,7731
2025-10-01 02:06:03 UTC,Main,174,396,515428
2025-10-01 02:06:03 UTC,Fortnite,267,273,268710
2025-10-01 02:06:03 UTC,Troubleshooting,17,44,28651
2025-10-01 02:06:03 UTC,Adamsmr,57,15,20420
2025-10-01 02:06:03 UTC,AJ_Studios,13,6,7733
2025-10-02 01:53:45 UTC,Main,174,396,515457
2025-10-02 01:53:45 UTC,Fortnite,267,273,268710
2025-10-02 01:53:45 UTC,Troubleshooting,17,44,28661
2025-10-02 01:53:45 UTC,Adamsmr,57,15,20431
2025-10-02 01:53:45 UTC,AJ_Studios,13,6,7733
2025-10-03 01:53:19 UTC,Main,174,396,515513
2025-10-03 01:53:19 UTC,Fortnite,267,273,268710
2025-10-03 01:53:19 UTC,Troubleshooting,17,44,28667
2025-10-03 01:53:19 UTC,Adamsmr,57,15,20431
2025-10-03 01:53:19 UTC,AJ_Studios,13,6,7733
2025-10-04 01:49:04 UTC,Main,174,396,515574
2025-10-04 01:49:04 UTC,Fortnite,267,273,268713
2025-10-04 01:49:04 UTC,Troubleshooting,17,44,28673
2025-10-04 01:49:04 UTC,Adamsmr,57,15,20433
2025-10-04 01:49:04 UTC,AJ_Studios,13,6,7735
2025-10-05 02:04:31 UTC,Main,174,396,515667
2025-10-05 02:04:31 UTC,Fortnite,267,272,268715
2025-10-05 02:04:31 UTC,Troubleshooting,17,44,28677
2025-10-05 02:04:31 UTC,Adamsmr,57,15,20440
2025-10-05 02:04:31 UTC,AJ_Studios,13,6,7745
2025-10-06 01:56:56 UTC,Main,175,396,515681
2025-10-06 01:56:56 UTC,Fortnite,267,272,268716
2025-10-06 01:56:56 UTC,Troubleshooting,17,44,28681
2025-10-06 01:56:56 UTC,Adamsmr,57,15,20441
2025-10-06 01:56:56 UTC,AJ_Studios,13,6,7746
2025-10-07 01:54:26 UTC,Main,175,396,515774
2025-10-07 01:54:26 UTC,Fortnite,267,272,268716
2025-10-07 01:54:26 UTC,Troubleshooting,17,44,28685
2025-10-07 01:54:26 UTC,Adamsmr,57,15,20446
2025-10-07 01:54:26 UTC,AJ_Studios,13,6,7746
2025-10-08 01:54:19 UTC,Main,175,396,515788
2025-10-08 01:54:19 UTC,Fortnite,267,273,268717
2025-10-08 01:54:19 UTC,Troubleshooting,17,44,28690
2025-10-08 01:54:19 UTC,Adamsmr,57,15,20450
2025-10-08 01:54:19 UTC,AJ_Studios,13,6,7746
2025-10-09 01:55:24 UTC,Main,175,396,515826
2025-10-09 01:55:24 UTC,Fortnite,267,273,268717
2025-10-09 01:55:24 UTC,Troubleshooting,17,44,28696
2025-10-09 01:55:24 UTC,Adamsmr,57,15,20451
2025-10-09 01:55:24 UTC,AJ_Studios,13,6,7749
2025-10-10 01:55:48 UTC,Main,175,396,515885
2025-10-10 01:55:48 UTC,Fortnite,267,273,268717
2025-10-10 01:55:48 UTC,Troubleshooting,17,44,28704
2025-10-10 01:55:48 UTC,Adamsmr,57,15,20455
2025-10-10 01:55:48 UTC,AJ_Studios,13,6,7750
2025-10-11 01:51:00 UTC,Main,175,396,515932
2025-10-11 01:51:00 UTC,Fortnite,267,273,268717
2025-10-11 01:51:00 UTC,Troubleshooting,17,44,28712
2025-10-11 01:51:00 UTC,Adamsmr,57,15,20458
2025-10-11 01:51:00 UTC,AJ_Studios,13,6,7749
2025-10-12 01:59:45 UTC,Main,175,396,515970
2025-10-12 01:59:45 UTC,Fortnite,267,273,268717
2025-10-12 01:59:45 UTC,Troubleshooting,17,44,28721
2025-10-12 01:59:45 UTC,Adamsmr,57,15,20460
2025-10-12 01:59:45 UTC,AJ_Studios,13,6,7749
2025-10-13 02:03:28 UTC,Main,177,397,516020
2025-10-13 02:03:28 UTC,Fortnite,267,273,268719
2025-10-13 02:03:28 UTC,Troubleshooting,17,44,28725
2025-10-13 02:03:28 UTC,Adamsmr,57,15,20467
2025-10-13 02:03:28 UTC,AJ_Studios,13,6,7749
2025-10-14 01:56:08 UTC,Main,177,397,516223
2025-10-14 01:56:08 UTC,Fortnite,267,273,268722
2025-10-14 01:56:08 UTC,Troubleshooting,17,44,28734
2025-10-14 01:56:08 UTC,Adamsmr,57,15,20475
2025-10-14 01:56:08 UTC,AJ_Studios,13,6,7756
2025-10-15 01:59:01 UTC,Main,177,397,516289
2025-10-15 01:59:01 UTC,Fortnite,267,273,268723
2025-10-15 01:59:01 UTC,Troubleshooting,17,44,28751
2025-10-15 01:59:01 UTC,Adamsmr,57,15,20481
2025-10-15 01:59:01 UTC,AJ_Studios,13,6,7756
2025-10-16 01:57:46 UTC,Main,177,397,516297
2025-10-16 01:57:46 UTC,Fortnite,267,273,268723
2025-10-16 01:57:46 UTC,Troubleshooting,17,43,28767
2025-10-16 01:57:46 UTC,Adamsmr,57,15,20481
2025-10-16 01:57:46 UTC,AJ_Studios,13,6,7756
2025-10-17 01:57:01 UTC,Main,177,397,516324
2025-10-17 01:57:01 UTC,Fortnite,267,273,268726
2025-10-17 01:57:01 UTC,Troubleshooting,17,43,28787
2025-10-17 01:57:01 UTC,Adamsmr,57,15,20482
2025-10-17 01:57:01 UTC,AJ_Studios,13,6,7756
2025-10-18 01:51:47 UTC,Main,177,397,516359
2025-10-18 01:51:47 UTC,Fortnite,267,273,268730
2025-10-18 01:51:47 UTC,Troubleshooting,17,43,28799
2025-10-18 01:51:47 UTC,Adamsmr,57,15,20486
2025-10-18 01:51:47 UTC,AJ_Studios,13,6,7766
2025-10-19 02:09:45 UTC,Main,177,397,516393
2025-10-19 02:09:45 UTC,Fortnite,267,273,268736
2025-10-19 02:09:45 UTC,Troubleshooting,17,43,28813
2025-10-19 02:09:45 UTC,Adamsmr,57,15,20488
2025-10-19 02:09:45 UTC,AJ_Studios,13,6,7770
2025-10-20 02:06:34 UTC,Main,177,397,516454
2025-10-20 02:06:34 UTC,Fortnite,267,273,268739
2025-10-20 02:06:34 UTC,Troubleshooting,17,43,28813
2025-10-20 02:06:34 UTC,Adamsmr,57,15,20491
2025-10-20 02:06:34 UTC,AJ_Studios,13,6,7770
2025-10-21 01:59:59 UTC,Main,177,397,516519
2025-10-21 01:59:59 UTC,Fortnite,267,273,268741
2025-10-21 01:59:59 UTC,Troubleshooting,17,43,28816
2025-10-21 01:59:59 UTC,Adamsmr,57,15,20491
2025-10-21 01:59:59 UTC,AJ_Studios,13,6,7771
2025-10-22 02:03:15 UTC,Main,177,397,516535
2025-10-22 02:03:15 UTC,Fortnite,267,273,268741
2025-10-22 02:03:15 UTC,Troubleshooting,17,43,28829
2025-10-22 02:03:15 UTC,Adamsmr,57,15,20500
2025-10-22 02:03:15 UTC,AJ_Studios,13,6,7771
2025-10-23 01:58:36 UTC,Main,177,397,516568
2025-10-23 01:58:36 UTC,Fortnite,267,273,268742
2025-10-23 01:58:36 UTC,Troubleshooting,17,43,28830
2025-10-23 01:58:36 UTC,Adamsmr,57,15,20500
2025-10-23 01:58:36 UTC,AJ_Studios,13,6,7772
2025-10-24 01:54:45 UTC,Main,177,397,516629
2025-10-24 01:54:45 UTC,Fortnite,267,273,268743
2025-10-24 01:54:45 UTC,Troubleshooting,17,43,28834
2025-10-24 01:54:45 UTC,Adamsmr,57,15,20500
2025-10-24 01:54:45 UTC,AJ_Studios,13,6,7771
2025-10-25 01:56:35 UTC,Main,177,397,516675
2025-10-25 01:56:35 UTC,Fortnite,267,273,268745
2025-10-25 01:56:35 UTC,Troubleshooting,17,43,28866
2025-10-25 01:56:35 UTC,Adamsmr,57,15,20504
2025-10-25 01:56:35 UTC,AJ_Studios,13,6,7771
2025-10-26 02:05:51 UTC,Main,177,398,516713
2025-10-26 02:05:51 UTC,Fortnite,267,273,268745
2025-10-26 02:05:51 UTC,Troubleshooting,17,43,28866
2025-10-26 02:05:51 UTC,Adamsmr,57,15,20505
2025-10-26 02:05:51 UTC,AJ_Studios,13,6,7772
2025-10-27 02:10:09 UTC,Main,177,398,516773
2025-10-27 02:10:09 UTC,Fortnite,267,273,268745
2025-10-27 02:10:09 UTC,Troubleshooting,17,43,28873
2025-10-27 02:10:09 UTC,Adamsmr,57,15,20505
2025-10-27 02:10:09 UTC,AJ_Studios,13,6,7772
2025-10-28 01:59:13 UTC,Main,177,398,516824
2025-10-28 01:59:13 UTC,Fortnite,267,273,268754
2025-10-28 01:59:13 UTC,Troubleshooting,17,43,28878
2025-10-28 01:59:13 UTC,Adamsmr,57,15,20508
2025-10-28 01:59:13 UTC,AJ_Studios,13,6,7772
2025-10-29 02:06:16 UTC,Main,177,398,516852
2025-10-29 02:06:16 UTC,Fortnite,267,273,268755
2025-10-29 02:06:16 UTC,Troubleshooting,17,43,28890
2025-10-29 02:06:16 UTC,Adamsmr,57,15,20509
2025-10-29 02:06:16 UTC,AJ_Studios,13,6,7772
2025-10-30 02:05:18 UTC,Main,177,398,516852
2025-10-30 02:05:18 UTC,Fortnite,267,273,268755
2025-10-30 02:05:18 UTC,Troubleshooting,17,43,28890
2025-10-30 02:05:18 UTC,Adamsmr,57,15,20509
2025-10-30 02:05:18 UTC,AJ_Studios,13,6,7772
2025-10-31 02:02:25 UTC,Main,177,398,516953
2025-10-31 02:02:25 UTC,Fortnite,267,273,268760
2025-10-31 02:02:25 UTC,Troubleshooting,17,43,28899
2025-10-31 02:02:25 UTC,Adamsmr,57,15,20519
2025-10-31 02:02:25 UTC,AJ_Studios,13,6,7780
2025-11-01 02:05:45 UTC,Main,177,398,516990
2025-11-01 02:05:45 UTC,Fortnite,267,273,268762
2025-11-01 02:05:45 UTC,Troubleshooting,17,43,28915
2025-11-01 02:05:45 UTC,Adamsmr,57,15,20526
2025-11-01 02:05:45 UTC,AJ_Studios,13,6,7786
2025-11-02 02:08:48 UTC,Main,177,398,517015
2025-11-02 02:08:48 UTC,Fortnite,267,273,268762
2025-11-02 02:08:48 UTC,Troubleshooting,17,43,28922
2025-11-02 02:08:48 UTC,Adamsmr,57,15,20526
2025-11-02 02:08:48 UTC,AJ_Studios,13,6,7786
2025-11-03 02:07:54 UTC,Main,177,398,517057
2025-11-03 02:07:54 UTC,Fortnite,267,273,268763
2025-11-03 02:07:54 UTC,Troubleshooting,17,43,28935
2025-11-03 02:07:54 UTC,Adamsmr,57,15,20533
2025-11-03 02:07:54 UTC,AJ_Studios,13,6,7786
2025-11-04 02:02:47 UTC,Main,177,399,517109
2025-11-04 02:02:47 UTC,Fortnite,267,273,268768
2025-11-04 02:02:47 UTC,Troubleshooting,17,43,28944
2025-11-04 02:02:47 UTC,Adamsmr,57,15,20539
2025-11-04 02:02:47 UTC,AJ_Studios,13,6,7786
2025-11-05 02:04:16 UTC,Main,178,399,517150
2025-11-05 02:04:16 UTC,Fortnite,267,273,268771
2025-11-05 02:04:16 UTC,Troubleshooting,17,43,28953
2025-11-05 02:04:16 UTC,Adamsmr,57,15,20540
2025-11-05 02:04:16 UTC,AJ_Studios,13,6,7786
2025-11-06 02:04:32 UTC,Main,178,399,517201
2025-11-06 02:04:32 UTC,Fortnite,267,273,268771
2025-11-06 02:04:32 UTC,Troubleshooting,17,43,28958
2025-11-06 02:04:32 UTC,Adamsmr,57,15,20544
2025-11-06 02:04:32 UTC,AJ_Studios,13,6,7786
2025-11-07 02:02:59 UTC,Main,178,399,517416
2025-11-07 02:02:59 UTC,Fortnite,267,273,268772
2025-11-07 02:02:59 UTC,Troubleshooting,17,43,28964
2025-11-07 02:02:59 UTC,Adamsmr,57,15,20544
2025-11-07 02:02:59 UTC,AJ_Studios,13,6,7786
2025-11-08 01:56:36 UTC,Main,177,399,517732
2025-11-08 01:56:36 UTC,Fortnite,267,273,268773
2025-11-08 01:56:36 UTC,Troubleshooting,17,43,28970
2025-11-08 01:56:36 UTC,Adamsmr,57,15,20547
2025-11-08 01:56:36 UTC,AJ_Studios,13,6,7790
2025-11-09 02:07:33 UTC,Main,178,401,517762
2025-11-09 02:07:33 UTC,Fortnite,267,273,268779
2025-11-09 02:07:33 UTC,Troubleshooting,17,43,28982
2025-11-09 02:07:33 UTC,Adamsmr,57,15,20554
2025-11-09 02:07:33 UTC,AJ_Studios,13,6,7790
2025-11-10 02:08:51 UTC,Main,176,401,519080
2025-11-10 02:08:51 UTC,Fortnite,267,273,268782
2025-11-10 02:08:51 UTC,Troubleshooting,17,43,28988
2025-11-10 02:08:51 UTC,Adamsmr,57,15,20556
2025-11-10 02:08:51 UTC,AJ_Studios,13,6,7790
2025-11-11 02:05:03 UTC,Main,177,401,518970
2025-11-11 02:05:03 UTC,Fortnite,267,273,268782
2025-11-11 02:05:03 UTC,Troubleshooting,17,43,28989
2025-11-11 02:05:03 UTC,Adamsmr,57,15,20557
2025-11-11 02:05:03 UTC,AJ_Studios,13,6,7790
2025-11-12 02:03:57 UTC,Main,177,401,519936
2025-11-12 02:03:57 UTC,Fortnite,267,273,268782
2025-11-12 02:03:57 UTC,Troubleshooting,17,43,28997
2025-11-12 02:03:57 UTC,Adamsmr,57,15,20561
2025-11-12 02:03:57 UTC,AJ_Studios,13,6,7791
2025-11-13 02:06:22 UTC,Main,177,401,520000
2025-11-13 02:06:22 UTC,Fortnite,267,273,268787
2025-11-13 02:06:22 UTC,Troubleshooting,17,43,28997
2025-11-13 02:06:22 UTC,Adamsmr,57,15,20566
2025-11-13 02:06:22 UTC,AJ_Studios,13,6,7791
2025-11-14 02:04:48 UTC,Main,177,400,520042
2025-11-14 02:04:48 UTC,Fortnite,267,273,268787
2025-11-14 02:04:48 UTC,Troubleshooting,17,43,29004
2025-11-14 02:04:48 UTC,Adamsmr,57,15,20567
2025-11-14 02:04:48 UTC,AJ_Studios,13,6,7791
2025-11-15 02:00:22 UTC,Main,177,400,520114
2025-11-15 02:00:22 UTC,Fortnite,267,273,268789
2025-11-15 02:00:22 UTC,Troubleshooting,17,43,29016
2025-11-15 02:00:22 UTC,Adamsmr,57,15,20567
2025-11-15 02:00:22 UTC,AJ_Studios,13,6,7791
2025-11-16 02:11:45 UTC,Main,177,400,520174
2025-11-16 02:11:45 UTC,Fortnite,267,273,268789
2025-11-16 02:11:45 UTC,Troubleshooting,17,43,29022
2025-11-16 02:11:45 UTC,Adamsmr,57,15,20570
2025-11-16 02:11:45 UTC,AJ_Studios,13,6,7791
2025-11-17 02:05:55 UTC,Main,177,401,520240
2025-11-17 02:05:55 UTC,Fortnite,267,273,268789
2025-11-17 02:05:55 UTC,Troubleshooting,17,43,29023
2025-11-17 02:05:55 UTC,Adamsmr,58,15,20621
2025-11-17 02:05:55 UTC,AJ_Studios,14,6,7833
2025-11-18 02:04:06 UTC,Main,177,401,520286
2025-11-18 02:04:06 UTC,Fortnite,267,271,268789
2025-11-18 02:04:06 UTC,Troubleshooting,17,43,29028
2025-11-18 02:04:06 UTC,Adamsmr,60,15,20613
2025-11-18 02:04:06 UTC,AJ_Studios,14,6,8359
2025-11-19 02:03:52 UTC,Main,177,401,520333
2025-11-19 02:03:52 UTC,Fortnite,267,271,268789
2025-11-19 02:03:52 UTC,Troubleshooting,17,43,29033
2025-11-19 02:03:52 UTC,Adamsmr,59,15,20613
2025-11-19 02:03:52 UTC,AJ_Studios,14,6,8362
2025-11-20 02:02:08 UTC,Main,177,401,520368
2025-11-20 02:02:08 UTC,Fortnite,267,271,268795
2025-11-20 02:02:08 UTC,Troubleshooting,17,43,29047
2025-11-20 02:02:08 UTC,Adamsmr,59,15,20620
2025-11-20 02:02:08 UTC,AJ_Studios,15,7,8368
2025-11-21 02:02:58 UTC,Main,177,401,520434
2025-11-21 02:02:58 UTC,Fortnite,267,271,268812
2025-11-21 02:02:58 UTC,Troubleshooting,17,43,29060
2025-11-21 02:02:58 UTC,Adamsmr,60,15,20623
2025-11-21 02:02:58 UTC,AJ_Studios,15,7,10040
2025-11-22 01:59:00 UTC,Main,177,402,520460
2025-11-22 01:59:00 UTC,Fortnite,267,271,268812
2025-11-22 01:59:00 UTC,Troubleshooting,17,43,29076
2025-11-22 01:59:00 UTC,Adamsmr,60,15,20626
2025-11-22 01:59:00 UTC,AJ_Studios,15,7,10094
2025-11-23 02:24:19 UTC,Main,177,402,520526
2025-11-23 02:24:19 UTC,Fortnite,267,271,268813
2025-11-23 02:24:19 UTC,Troubleshooting,17,43,29089
2025-11-23 02:24:19 UTC,Adamsmr,60,15,20631
2025-11-23 02:24:19 UTC,AJ_Studios,15,7,10147
2025-11-24 02:15:28 UTC,Main,177,402,520591
2025-11-24 02:15:28 UTC,Fortnite,267,271,268818
2025-11-24 02:15:28 UTC,Troubleshooting,17,43,29097
2025-11-24 02:15:28 UTC,Adamsmr,61,15,20632
2025-11-24 02:15:28 UTC,AJ_Studios,15,7,10156
2025-11-25 02:05:12 UTC,Main,177,402,520657
2025-11-25 02:05:12 UTC,Fortnite,267,271,268818
2025-11-25 02:05:12 UTC,Troubleshooting,17,44,29105
2025-11-25 02:05:12 UTC,Adamsmr,61,15,20632
2025-11-25 02:05:12 UTC,AJ_Studios,15,7,10163
2025-11-26 02:05:48 UTC,Main,177,402,520698
2025-11-26 02:05:48 UTC,Fortnite,267,271,268822
2025-11-26 02:05:48 UTC,Troubleshooting,17,44,29124
2025-11-26 02:05:48 UTC,Adamsmr,61,15,20636
2025-11-26 02:05:48 UTC,AJ_Studios,15,7,10163
2025-11-27 02:03:09 UTC,Main,177,403,520737
2025-11-27 02:03:09 UTC,Fortnite,267,271,268826
2025-11-27 02:03:09 UTC,Troubleshooting,17,44,29134
2025-11-27 02:03:09 UTC,Adamsmr,61,15,20636
2025-11-27 02:03:09 UTC,AJ_Studios,15,7,10163
2025-11-28 02:02:52 UTC,Main,177,403,520784
2025-11-28 02:02:52 UTC,Fortnite,267,271,268827
2025-11-28 02:02:52 UTC,Troubleshooting,17,44,29152
2025-11-28 02:02:52 UTC,Adamsmr,61,15,20643
2025-11-28 02:02:52 UTC,AJ_Studios,15,7,10163
2025-11-29 02:02:34 UTC,Main,177,403,520846
2025-11-29 02:02:34 UTC,Fortnite,267,271,268830
2025-11-29 02:02:34 UTC,Troubleshooting,17,44,29160
2025-11-29 02:02:34 UTC,Adamsmr,61,15,20643
2025-11-29 02:02:34 UTC,AJ_Studios,15,7,10164
2025-11-30 02:23:06 UTC,Main,177,403,520896
2025-11-30 02:23:06 UTC,Fortnite,267,271,268831
2025-11-30 02:23:06 UTC,Troubleshooting,17,44,29166
2025-11-30 02:23:06 UTC,Adamsmr,61,15,20643
2025-11-30 02:23:06 UTC,AJ_Studios,15,7,10166
2025-12-01 02:31:48 UTC,Main,178,403,520987
2025-12-01 02:31:48 UTC,Fortnite,267,271,268831
2025-12-01 02:31:48 UTC,Troubleshooting,17,44,29178
2025-12-01 02:31:48 UTC,Adamsmr,61,15,20645
2025-12-01 02:31:48 UTC,AJ_Studios,15,7,10166
2025-12-02 02:07:34 UTC,Main,178,403,521048
2025-12-02 02:07:34 UTC,Fortnite,267,271,268831
2025-12-02 02:07:34 UTC,Troubleshooting,17,44,29186
2025-12-02 02:07:34 UTC,Adamsmr,61,15,20650
2025-12-02 02:07:34 UTC,AJ_Studios,15,7,10166
2025-12-03 02:07:24 UTC,Main,178,404,521125
2025-12-03 02:07:24 UTC,Fortnite,267,271,268831
2025-12-03 02:07:24 UTC,Troubleshooting,17,44,29201
2025-12-03 02:07:24 UTC,Adamsmr,61,15,20655
2025-12-03 02:07:24 UTC,AJ_Studios,15,7,10166
2025-12-04 02:08:24 UTC,Main,178,404,521165
2025-12-04 02:08:24 UTC,Fortnite,267,271,268831
2025-12-04 02:08:24 UTC,Troubleshooting,17,45,29205
2025-12-04 02:08:24 UTC,Adamsmr,61,15,20655
2025-12-04 02:08:24 UTC,AJ_Studios,15,7,10166
2025-12-05 02:08:19 UTC,Main,178,404,521230
2025-12-05 02:08:19 UTC,Fortnite,267,270,268837
2025-12-05 02:08:19 UTC,Troubleshooting,17,45,29213
2025-12-05 02:08:19 UTC,Adamsmr,61,15,20656
2025-12-05 02:08:19 UTC,AJ_Studios,15,6,10170
2025-12-06 02:02:02 UTC,Main,178,404,521270
2025-12-06 02:02:02 UTC,Fortnite,267,270,268837
2025-12-06 02:02:02 UTC,Troubleshooting,17,45,29220
2025-12-06 02:02:02 UTC,Adamsmr,61,15,20656
2025-12-06 02:02:02 UTC,AJ_Studios,15,6,10171
2025-12-07 02:23:40 UTC,Main,178,404,521318
2025-12-07 02:23:40 UTC,Fortnite,267,270,268836
2025-12-07 02:23:40 UTC,Troubleshooting,17,45,29223
2025-12-07 02:23:40 UTC,Adamsmr,61,15,20655
2025-12-07 02:23:40 UTC,AJ_Studios,15,6,10167
2025-12-08 02:09:27 UTC,Main,178,404,521374
2025-12-08 02:09:27 UTC,Fortnite,267,270,268843
2025-12-08 02:09:27 UTC,Troubleshooting,17,45,29233
2025-12-08 02:09:27 UTC,Adamsmr,61,15,20657
2025-12-08 02:09:27 UTC,AJ_Studios,15,6,10171
2025-12-09 02:08:25 UTC,Main,178,404,521447
2025-12-09 02:08:25 UTC,Fortnite,267,270,268844
2025-12-09 02:08:25 UTC,Troubleshooting,17,45,29240
2025-12-09 02:08:25 UTC,Adamsmr,61,15,20657
2025-12-09 02:08:25 UTC,AJ_Studios,15,6,10171
2025-12-10 02:10:17 UTC,Main,178,404,521511
2025-12-10 02:10:17 UTC,Fortnite,267,270,268844
2025-12-10 02:10:17 UTC,Troubleshooting,17,45,29255
2025-12-10 02:10:17 UTC,Adamsmr,61,15,20657
2025-12-10 02:10:17 UTC,AJ_Studios,15,6,10171
2025-12-11 02:12:42 UTC,Main,178,404,521575
2025-12-11 02:12:42 UTC,Fortnite,267,270,268844
2025-12-11 02:12:42 UTC,Troubleshooting,17,45,29263
2025-12-11 02:12:42 UTC,Adamsmr,61,15,20658
2025-12-11 02:12:42 UTC,AJ_Studios,15,6,10171
2025-12-12 02:11:44 UTC,Main,178,404,521678
2025-12-12 02:11:44 UTC,Fortnite,267,270,268845
2025-12-12 02:11:44 UTC,Troubleshooting,17,45,29267
2025-12-12 02:11:44 UTC,Adamsmr,61,15,20660
2025-12-12 02:11:44 UTC,AJ_Studios,15,6,10171
2025-12-13 02:04:50 UTC,Main,178,405,521739
2025-12-13 02:04:50 UTC,Fortnite,267,270,268850
2025-12-13 02:04:50 UTC,Troubleshooting,17,45,29270
2025-12-13 02:04:50 UTC,Adamsmr,61,15,20663
2025-12-13 02:04:50 UTC,AJ_Studios,15,6,10171
2025-12-14 02:24:27 UTC,Main,178,405,521785
2025-12-14 02:24:27 UTC,Fortnite,267,269,268855
2025-12-14 02:24:27 UTC,Troubleshooting,17,45,29281
2025-12-14 02:24:27 UTC,Adamsmr,61,15,20666
2025-12-14 02:24:27 UTC,AJ_Studios,15,6,10173
2025-12-15 02:21:54 UTC,Main,178,405,521844
2025-12-15 02:21:54 UTC,Fortnite,267,269,268855
2025-12-15 02:21:54 UTC,Troubleshooting,17,44,29283
2025-12-15 02:21:54 UTC,Adamsmr,61,15,20664
2025-12-15 02:21:54 UTC,AJ_Studios,15,6,10174
2025-12-16 02:18:07 UTC,Main,178,405,521900
2025-12-16 02:18:07 UTC,Fortnite,267,269,268855
2025-12-16 02:18:07 UTC,Troubleshooting,17,44,29287
2025-12-16 02:18:07 UTC,Adamsmr,61,15,20670
2025-12-16 02:18:07 UTC,AJ_Studios,15,6,10174
2025-12-17 02:07:22 UTC,Main,178,405,521975
2025-12-17 02:07:22 UTC,Fortnite,267,269,268856
2025-12-17 02:07:22 UTC,Troubleshooting,17,44,29296
2025-12-17 02:07:22 UTC,Adamsmr,61,15,20670
2025-12-17 02:07:22 UTC,AJ_Studios,15,6,10174
2025-12-18 02:08:12 UTC,Main,178,405,522039
2025-12-18 02:08:12 UTC,Fortnite,267,269,268857
2025-12-18 02:08:12 UTC,Troubleshooting,17,44,29302
2025-12-18 02:08:12 UTC,Adamsmr,61,15,20673
2025-12-18 02:08:12 UTC,AJ_Studios,15,6,10178
2025-12-19 02:11:26 UTC,Main,178,405,522090
2025-12-19 02:11:26 UTC,Fortnite,267,269,268857
2025-12-19 02:11:26 UTC,Troubleshooting,17,44,29312
2025-12-19 02:11:26 UTC,Adamsmr,61,15,20676
2025-12-19 02:11:26 UTC,AJ_Studios,15,6,10178
2025-12-20 02:04:33 UTC,Main,178,405,522116
2025-12-20 02:04:33 UTC,Fortnite,267,269,268857
2025-12-20 02:04:33 UTC,Troubleshooting,17,44,29316
2025-12-20 02:04:33 UTC,Adamsmr,61,15,20676
2025-12-20 02:04:33 UTC,AJ_Studios,15,6,10179
2025-12-21 02:24:14 UTC,Main,178,405,522151
2025-12-21 02:24:14 UTC,Fortnite,267,269,268857
2025-12-21 02:24:14 UTC,Troubleshooting,17,44,29326
2025-12-21 02:24:14 UTC,Adamsmr,61,15,20682
2025-12-21 02:24:14 UTC,AJ_Studios,15,6,10183
2025-12-22 02:23:25 UTC,Main,178,405,522228
2025-12-22 02:23:25 UTC,Fortnite,267,269,268861
2025-12-22 02:23:25 UTC,Troubleshooting,17,44,29336
2025-12-22 02:23:25 UTC,Adamsmr,61,15,20682
2025-12-22 02:23:25 UTC,AJ_Studios,15,6,10183
2025-12-23 02:18:29 UTC,Main,178,405,522291
2025-12-23 02:18:29 UTC,Fortnite,267,269,268861
2025-12-23 02:18:29 UTC,Troubleshooting,17,44,29340
2025-12-23 02:18:29 UTC,Adamsmr,61,15,20691
2025-12-23 02:18:29 UTC,AJ_Studios,15,6,10185
2025-12-24 02:10:37 UTC,Main,178,405,522326
2025-12-24 02:10:37 UTC,Fortnite,267,269,268861
2025-12-24 02:10:37 UTC,Troubleshooting,17,44,29348
2025-12-24 02:10:37 UTC,Adamsmr,61,15,20692
2025-12-24 02:10:37 UTC,AJ_Studios,15,6,10185
2025-12-25 02:18:51 UTC,Main,178,405,522410
2025-12-25 02:18:51 UTC,Fortnite,267,269,268861
2025-12-25 02:18:51 UTC,Troubleshooting,17,44,29358
2025-12-25 02:18:51 UTC,Adamsmr,61,15,20693
2025-12-25 02:18:51 UTC,AJ_Studios,15,6,10185
2025-12-26 02:11:49 UTC,Main,178,405,522452
2025-12-26 02:11:49 UTC,Fortnite,267,269,268861
2025-12-26 02:11:49 UTC,Troubleshooting,17,44,29362
2025-12-26 02:11:49 UTC,Adamsmr,61,15,20695
2025-12-26 02:11:49 UTC,AJ_Studios,15,6,10186
2025-12-27 02:09:30 UTC,Main,178,405,522504
2025-12-27 02:09:30 UTC,Fortnite,267,269,268863
2025-12-27 02:09:30 UTC,Troubleshooting,17,44,29370
2025-12-27 02:09:30 UTC,Adamsmr,61,15,20697
2025-12-27 02:09:30 UTC,AJ_Studios,15,6,10187
2025-12-28 02:30:40 UTC,Main,178,405,522548
2025-12-28 02:30:40 UTC,Fortnite,267,269,268863
2025-12-28 02:30:40 UTC,Troubleshooting,17,44,29372
2025-12-28 02:30:40 UTC,Adamsmr,61,15,20699
2025-12-28 02:30:40 UTC,AJ_Studios,15,6,10188
2025-12-29 02:28:26 UTC,Main,178,405,522601
2025-12-29 02:28:26 UTC,Fortnite,267,269,268863
2025-12-29 02:28:26 UTC,Troubleshooting,17,44,29375
2025-12-29 02:28:26 UTC,Adamsmr,61,15,20699
2025-12-29 02:28:26 UTC,AJ_Studios,15,6,10188
2025-12-30 02:19:21 UTC,Main,178,405,522652
2025-12-30 02:19:21 UTC,Fortnite,267,269,268867
2025-12-30 02:19:21 UTC,Troubleshooting,17,44,29383
2025-12-30 02:19:21 UTC,Adamsmr,61,15,20699
2025-12-30 02:19:21 UTC,AJ_Studios,15,6,10188
2025-12-31 02:19:43 UTC,Main,178,405,522724
2025-12-31 02:19:43 UTC,Fortnite,267,269,268867
2025-12-31 02:19:43 UTC,Troubleshooting,17,44,29387
2025-12-31 02:19:43 UTC,Adamsmr,61,15,20700
2025-12-31 02:19:43 UTC,AJ_Studios,15,6,10188
2026-01-01 02:31:21 UTC,Main,178,405,522767
2026-01-01 02:31:21 UTC,Fortnite,267,269,268868
2026-01-01 02:31:21 UTC,Troubleshooting,17,44,29392
2026-01-01 02:31:21 UTC,Adamsmr,61,15,20700
2026-01-01 02:31:21 UTC,AJ_Studios,15,6,10188
2026-01-02 02:21:28 UTC,Main,178,405,522805
2026-01-02 02:21:28 UTC,Fortnite,267,269,268868
2026-01-02 02:21:28 UTC,Troubleshooting,17,44,29392
2026-01-02 02:21:28 UTC,Adamsmr,61,15,20704
2026-01-02 02:21:28 UTC,AJ_Studios,15,6,10188
2026-01-03 02:08:46 UTC,Main,177,406,522865
2026-01-03 02:08:46 UTC,Fortnite,267,269,268868
2026-01-03 02:08:46 UTC,Troubleshooting,17,44,29397
2026-01-03 02:08:46 UTC,Adamsmr,61,15,20707
2026-01-03 02:08:46 UTC,AJ_Studios,15,6,10188
2026-01-04 02:32:44 UTC,Main,177,406,521576
2026-01-04 02:32:44 UTC,Fortnite,267,269,268868
2026-01-04 02:32:44 UTC,Troubleshooting,17,44,29407
2026-01-04 02:32:44 UTC,Adamsmr,61,15,20707
2026-01-04 02:32:44 UTC,AJ_Studios,15,6,10189
2026-01-05 02:32:05 UTC,Main,177,406,521628
2026-01-05 02:32:05 UTC,Fortnite,267,269,268870
2026-01-05 02:32:05 UTC,Troubleshooting,17,44,29409
2026-01-05 02:32:05 UTC,Adamsmr,61,15,20709
2026-01-05 02:32:05 UTC,AJ_Studios,15,6,10189
2026-01-06 02:21:19 UTC,Main,177,406,521678
2026-01-06 02:21:19 UTC,Fortnite,267,269,268873
2026-01-06 02:21:19 UTC,Troubleshooting,17,44,29419
2026-01-06 02:21:19 UTC,Adamsmr,61,16,20712
2026-01-06 02:21:19 UTC,AJ_Studios,15,6,10189
2026-01-07 02:21:10 UTC,Main,177,406,521724
2026-01-07 02:21:10 UTC,Fortnite,267,269,268875
2026-01-07 02:21:10 UTC,Troubleshooting,17,44,29425
2026-01-07 02:21:10 UTC,Adamsmr,61,16,20712
2026-01-07 02:21:10 UTC,AJ_Studios,15,6,10189
2026-01-08 02:21:33 UTC,Main,177,406,521758
2026-01-08 02:21:33 UTC,Fortnite,267,269,268875
2026-01-08 02:21:33 UTC,Troubleshooting,17,44,29446
2026-01-08 02:21:33 UTC,Adamsmr,61,16,20712
2026-01-08 02:21:33 UTC,AJ_Studios,15,6,10191
2026-01-09 02:22:00 UTC,Main,177,406,521795
2026-01-09 02:22:00 UTC,Fortnite,267,269,268875
2026-01-09 02:22:00 UTC,Troubleshooting,17,44,29448
2026-01-09 02:22:00 UTC,Adamsmr,61,16,20713
2026-01-09 02:22:00 UTC,AJ_Studios,15,6,10191
2026-01-10 02:11:53 UTC,Main,177,406,521837
2026-01-10 02:11:53 UTC,Fortnite,267,269,268877
2026-01-10 02:11:53 UTC,Troubleshooting,17,44,29454
2026-01-10 02:11:53 UTC,Adamsmr,61,16,20715
2026-01-10 02:11:53 UTC,AJ_Studios,15,6,10191
2026-01-11 02:32:40 UTC,Main,177,406,521880
2026-01-11 02:32:40 UTC,Fortnite,267,269,268877
2026-01-11 02:32:40 UTC,Troubleshooting,17,44,29456
2026-01-11 02:32:40 UTC,Adamsmr,61,16,20715
2026-01-11 02:32:40 UTC,AJ_Studios,15,6,10192
2026-01-12 02:27:53 UTC,Main,176,406,521921
2026-01-12 02:27:53 UTC,Fortnite,267,269,268877
2026-01-12 02:27:53 UTC,Troubleshooting,17,44,29463
2026-01-12 02:27:53 UTC,Adamsmr,61,16,20721
2026-01-12 02:27:53 UTC,AJ_Studios,15,6,10193
2026-01-13 02:19:42 UTC,Main,176,406,521954
2026-01-13 02:19:42 UTC,Fortnite,267,269,268878
2026-01-13 02:19:42 UTC,Troubleshooting,17,44,29471
2026-01-13 02:19:42 UTC,Adamsmr,61,16,20722
2026-01-13 02:19:42 UTC,AJ_Studios,15,6,10193
2026-01-14 02:26:38 UTC,Main,176,406,521993
2026-01-14 02:26:38 UTC,Fortnite,267,269,268878
2026-01-14 02:26:38 UTC,Troubleshooting,17,44,29476
2026-01-14 02:26:38 UTC,Adamsmr,61,16,20721
2026-01-14 02:26:38 UTC,AJ_Studios,15,6,10193
2026-01-15 02:21:11 UTC,Main,176,406,522041
2026-01-15 02:21:11 UTC,Fortnite,267,269,268882
2026-01-15 02:21:11 UTC,Troubleshooting,17,44,29478
2026-01-15 02:21:11 UTC,Adamsmr,61,16,20721
2026-01-15 02:21:11 UTC,AJ_Studios,15,6,10193
2026-01-16 02:22:56 UTC,Main,176,407,522122
2026-01-16 02:22:56 UTC,Fortnite,267,269,268882
2026-01-16 02:22:56 UTC,Troubleshooting,17,44,29482
2026-01-16 02:22:56 UTC,Adamsmr,61,16,20725
2026-01-16 02:22:56 UTC,AJ_Studios,15,6,10197
2026-01-17 02:10:10 UTC,Main,176,407,522162
2026-01-17 02:10:10 UTC,Fortnite,267,269,268884
2026-01-17 02:10:10 UTC,Troubleshooting,17,44,29492
2026-01-17 02:10:10 UTC,Adamsmr,61,16,20731
2026-01-17 02:10:10 UTC,AJ_Studios,15,6,10197
2026-01-18 02:30:54 UTC,Main,176,407,522231
2026-01-18 02:30:54 UTC,Fortnite,267,269,268886
2026-01-18 02:30:54 UTC,Troubleshooting,17,44,29496
2026-01-18 02:30:54 UTC,Adamsmr,61,16,20734
2026-01-18 02:30:54 UTC,AJ_Studios,15,6,10201
2026-01-19 02:28:08 UTC,Main,176,407,522276
2026-01-19 02:28:08 UTC,Fortnite,267,269,268889
2026-01-19 02:28:08 UTC,Troubleshooting,17,44,29502
2026-01-19 02:28:08 UTC,Adamsmr,61,16,20735
2026-01-19 02:28:08 UTC,AJ_Studios,15,6,10201
2026-01-20 02:23:08 UTC,Main,176,407,522338
2026-01-20 02:23:08 UTC,Fortnite,267,269,268890
2026-01-20 02:23:08 UTC,Troubleshooting,17,44,29506
2026-01-20 02:23:08 UTC,Adamsmr,61,16,20735
2026-01-20 02:23:08 UTC,AJ_Studios,15,6,10201
2026-01-21 02:26:04 UTC,Main,176,407,522396
2026-01-21 02:26:04 UTC,Fortnite,267,269,268902
2026-01-21 02:26:04 UTC,Troubleshooting,17,44,29510
2026-01-21 02:26:04 UTC,Adamsmr,61,16,20739
2026-01-21 02:26:04 UTC,AJ_Studios,15,6,10211
